년도,월,일,시간,측정지점,소음도,비고
2018,11,1,1,성수동,70.4,
2018,11,1,2,성수동,68.9,
2018,11,1,3,성수동,68.2,
2018,11,1,4,성수동,67.8,
2018,11,1,5,성수동,68.2,
2018,11,1,6,성수동,69.2,
2018,11,1,7,성수동,71.0,
2018,11,1,8,성수동,73.0,
2018,11,1,9,성수동,72.8,
2018,11,1,10,성수동,71.9,
2018,11,1,11,성수동,72.2,
2018,11,1,12,성수동,72.3,
2018,11,1,13,성수동,72.4,
2018,11,1,14,성수동,72.2,
2018,11,1,15,성수동,72.5,
2018,11,1,16,성수동,72.3,
2018,11,1,17,성수동,72.4,
2018,11,1,18,성수동,72.3,
2018,11,1,19,성수동,70.5,
2018,11,1,20,성수동,72.2,
2018,11,1,21,성수동,72.1,
2018,11,1,22,성수동,72.0,
2018,11,1,23,성수동,71.6,
2018,11,1,24,성수동,71.1,
2018,11,2,1,성수동,70.3,
2018,11,2,2,성수동,69.6,
2018,11,2,3,성수동,68.1,
2018,11,2,4,성수동,67.3,
2018,11,2,5,성수동,67.8,
2018,11,2,6,성수동,69.3,
2018,11,2,7,성수동,71.0,
2018,11,2,8,성수동,73.0,
2018,11,2,9,성수동,72.6,
2018,11,2,10,성수동,72.5,
2018,11,2,11,성수동,72.3,
2018,11,2,12,성수동,72.2,
2018,11,2,13,성수동,72.5,
2018,11,2,14,성수동,72.3,
2018,11,2,15,성수동,71.9,
2018,11,2,16,성수동,72.1,
2018,11,2,17,성수동,72.6,
2018,11,2,18,성수동,71.8,
2018,11,2,19,성수동,69.2,
2018,11,2,20,성수동,71.1,
2018,11,2,21,성수동,72.3,
2018,11,2,22,성수동,71.9,
2018,11,2,23,성수동,71.5,
2018,11,2,24,성수동,71.0,
2018,11,3,1,성수동,70.3,
2018,11,3,2,성수동,69.3,
2018,11,3,3,성수동,69.0,
2018,11,3,4,성수동,68.6,
2018,11,3,5,성수동,68.5,
2018,11,3,6,성수동,69.1,
2018,11,3,7,성수동,70.4,
2018,11,3,8,성수동,71.9,
2018,11,3,9,성수동,72.7,
2018,11,3,10,성수동,72.9,
2018,11,3,11,성수동,72.7,
2018,11,3,12,성수동,72.7,
2018,11,3,13,성수동,72.6,
2018,11,3,14,성수동,72.8,
2018,11,3,15,성수동,72.5,
2018,11,3,16,성수동,72.9,
2018,11,3,17,성수동,72.9,
2018,11,3,18,성수동,72.8,
2018,11,3,19,성수동,72.6,
2018,11,3,20,성수동,72.0,
2018,11,3,21,성수동,71.7,
2018,11,3,22,성수동,71.7,
2018,11,3,23,성수동,71.1,
2018,11,3,24,성수동,70.7,
2018,11,4,1,성수동,69.8,
2018,11,4,2,성수동,69.1,
2018,11,4,3,성수동,68.8,
2018,11,4,4,성수동,67.1,
2018,11,4,5,성수동,66.1,
2018,11,4,6,성수동,67.4,
2018,11,4,7,성수동,68.5,
2018,11,4,8,성수동,70.2,
2018,11,4,9,성수동,71.2,
2018,11,4,10,성수동,71.5,
2018,11,4,11,성수동,71.9,
2018,11,4,12,성수동,72.0,
2018,11,4,13,성수동,71.9,
2018,11,4,14,성수동,72.3,
2018,11,4,15,성수동,71.7,
2018,11,4,16,성수동,71.8,
2018,11,4,17,성수동,71.7,
2018,11,4,18,성수동,71.9,
2018,11,4,19,성수동,71.7,
2018,11,4,20,성수동,71.1,
2018,11,4,21,성수동,70.8,
2018,11,4,22,성수동,70.2,
2018,11,4,23,성수동,69.8,
2018,11,4,24,성수동,69.7,
2018,11,5,1,성수동,68.6,
2018,11,5,2,성수동,67.6,
2018,11,5,3,성수동,65.5,
2018,11,5,4,성수동,66.5,
2018,11,5,5,성수동,68.7,
2018,11,5,6,성수동,68.6,
2018,11,5,7,성수동,70.5,
2018,11,5,8,성수동,72.9,
2018,11,5,9,성수동,72.2,
2018,11,5,10,성수동,71.8,
2018,11,5,11,성수동,72.2,
2018,11,5,12,성수동,72.1,
2018,11,5,13,성수동,72.1,
2018,11,5,14,성수동,72.1,
2018,11,5,15,성수동,72.4,
2018,11,5,16,성수동,72.6,
2018,11,5,17,성수동,72.3,
2018,11,5,18,성수동,72.1,
2018,11,5,19,성수동,70.3,
2018,11,5,20,성수동,72.3,
2018,11,5,21,성수동,71.7,
2018,11,5,22,성수동,71.5,
2018,11,5,23,성수동,71.5,
2018,11,5,24,성수동,70.8,
2018,11,6,1,성수동,69.7,
2018,11,6,2,성수동,68.0,
2018,11,6,3,성수동,67.5,
2018,11,6,4,성수동,67.2,
2018,11,6,5,성수동,66.8,
2018,11,6,6,성수동,69.1,
2018,11,6,7,성수동,71.0,
2018,11,6,8,성수동,72.6,
2018,11,6,9,성수동,72.1,
2018,11,6,10,성수동,72.5,
2018,11,6,11,성수동,72.6,
2018,11,6,12,성수동,73.1,
2018,11,6,13,성수동,71.8,
2018,11,6,14,성수동,72.0,
2018,11,6,15,성수동,72.0,
2018,11,6,16,성수동,72.2,
2018,11,6,17,성수동,72.4,
2018,11,6,18,성수동,72.3,
2018,11,6,19,성수동,69.7,
2018,11,6,20,성수동,72.1,
2018,11,6,21,성수동,71.7,
2018,11,6,22,성수동,71.5,
2018,11,6,23,성수동,71.3,
2018,11,6,24,성수동,70.5,
2018,11,7,1,성수동,69.9,
2018,11,7,2,성수동,68.3,
2018,11,7,3,성수동,66.8,
2018,11,7,4,성수동,68.1,
2018,11,7,5,성수동,68.2,
2018,11,7,6,성수동,69.9,
2018,11,7,7,성수동,72.3,
2018,11,7,8,성수동,74.0,
2018,11,7,9,성수동,73.8,
2018,11,7,10,성수동,73.2,
2018,11,7,11,성수동,73.0,
2018,11,7,12,성수동,73.0,
2018,11,7,13,성수동,72.8,
2018,11,7,14,성수동,72.7,
2018,11,7,15,성수동,72.8,
2018,11,7,16,성수동,72.6,
2018,11,7,17,성수동,72.5,
2018,11,7,18,성수동,72.2,
2018,11,7,19,성수동,69.7,
2018,11,7,20,성수동,72.3,
2018,11,7,21,성수동,72.0,
2018,11,7,22,성수동,71.8,
2018,11,7,23,성수동,71.6,
2018,11,7,24,성수동,71.0,
2018,11,8,1,성수동,69.8,
2018,11,8,2,성수동,70.1,
2018,11,8,3,성수동,69.1,
2018,11,8,4,성수동,68.9,
2018,11,8,5,성수동,69.1,
2018,11,8,6,성수동,71.0,
2018,11,8,7,성수동,72.4,
2018,11,8,8,성수동,74.2,
2018,11,8,9,성수동,75.1,
2018,11,8,10,성수동,74.9,
2018,11,8,11,성수동,75.6,
2018,11,8,12,성수동,75.9,
2018,11,8,13,성수동,76.0,
2018,11,8,14,성수동,76.5,
2018,11,8,15,성수동,75.0,
2018,11,8,16,성수동,74.0,
2018,11,8,17,성수동,76.4,
2018,11,8,18,성수동,76.4,
2018,11,8,19,성수동,73.8,
2018,11,8,20,성수동,76.1,
2018,11,8,21,성수동,75.5,
2018,11,8,22,성수동,76.1,
2018,11,8,23,성수동,75.8,
2018,11,8,24,성수동,74.4,
2018,11,9,1,성수동,71.5,
2018,11,9,2,성수동,70.3,
2018,11,9,3,성수동,69.5,
2018,11,9,4,성수동,68.6,
2018,11,9,5,성수동,68.9,
2018,11,9,6,성수동,72.3,
2018,11,9,7,성수동,72.2,
2018,11,9,8,성수동,73.8,
2018,11,9,9,성수동,74.0,
2018,11,9,10,성수동,73.6,
2018,11,9,11,성수동,73.5,
2018,11,9,12,성수동,73.1,
2018,11,9,13,성수동,73.2,
2018,11,9,14,성수동,73.2,
2018,11,9,15,성수동,73.4,
2018,11,9,16,성수동,72.9,
2018,11,9,17,성수동,72.9,
2018,11,9,18,성수동,72.4,
2018,11,9,19,성수동,70.1,
2018,11,9,20,성수동,70.6,
2018,11,9,21,성수동,73.0,
2018,11,9,22,성수동,72.7,
2018,11,9,23,성수동,72.6,
2018,11,9,24,성수동,72.0,
2018,11,10,1,성수동,71.1,
2018,11,10,2,성수동,70.5,
2018,11,10,3,성수동,70.2,
2018,11,10,4,성수동,69.1,
2018,11,10,5,성수동,69.2,
2018,11,10,6,성수동,70.1,
2018,11,10,7,성수동,71.1,
2018,11,10,8,성수동,72.3,
2018,11,10,9,성수동,73.4,
2018,11,10,10,성수동,73.3,
2018,11,10,11,성수동,73.4,
2018,11,10,12,성수동,73.4,
2018,11,10,13,성수동,73.2,
2018,11,10,14,성수동,72.8,
2018,11,10,15,성수동,73.2,
2018,11,10,16,성수동,73.3,
2018,11,10,17,성수동,73.2,
2018,11,10,18,성수동,73.1,
2018,11,10,19,성수동,73.0,
2018,11,10,20,성수동,72.7,
2018,11,10,21,성수동,72.1,
2018,11,10,22,성수동,71.9,
2018,11,10,23,성수동,71.6,
2018,11,10,24,성수동,71.2,
2018,11,11,1,성수동,70.7,
2018,11,11,2,성수동,69.6,
2018,11,11,3,성수동,69.3,
2018,11,11,4,성수동,68.1,
2018,11,11,5,성수동,67.7,
2018,11,11,6,성수동,67.6,
2018,11,11,7,성수동,68.3,
2018,11,11,8,성수동,70.2,
2018,11,11,9,성수동,70.7,
2018,11,11,10,성수동,71.6,
2018,11,11,11,성수동,72.3,
2018,11,11,12,성수동,72.1,
2018,11,11,13,성수동,72.4,
2018,11,11,14,성수동,72.3,
2018,11,11,15,성수동,72.2,
2018,11,11,16,성수동,72.3,
2018,11,11,17,성수동,72.1,
2018,11,11,18,성수동,72.0,
2018,11,11,19,성수동,71.5,
2018,11,11,20,성수동,71.3,
2018,11,11,21,성수동,70.9,
2018,11,11,22,성수동,70.6,
2018,11,11,23,성수동,70.7,
2018,11,11,24,성수동,70.5,
2018,11,12,1,성수동,69.5,
2018,11,12,2,성수동,67.2,
2018,11,12,3,성수동,65.9,
2018,11,12,4,성수동,65.2,
2018,11,12,5,성수동,66.0,
2018,11,12,6,성수동,68.7,
2018,11,12,7,성수동,71.4,
2018,11,12,8,성수동,73.0,
2018,11,12,9,성수동,72.7,
2018,11,12,10,성수동,72.7,
2018,11,12,11,성수동,72.4,
2018,11,12,12,성수동,72.4,
2018,11,12,13,성수동,72.1,
2018,11,12,14,성수동,72.3,
2018,11,12,15,성수동,72.3,
2018,11,12,16,성수동,72.4,
2018,11,12,17,성수동,72.5,
2018,11,12,18,성수동,72.3,
2018,11,12,19,성수동,71.0,
2018,11,12,20,성수동,72.2,
2018,11,12,21,성수동,71.9,
2018,11,12,22,성수동,71.8,
2018,11,12,23,성수동,71.4,
2018,11,12,24,성수동,71.1,
2018,11,13,1,성수동,69.8,
2018,11,13,2,성수동,68.7,
2018,11,13,3,성수동,67.7,
2018,11,13,4,성수동,67.5,
2018,11,13,5,성수동,66.7,
2018,11,13,6,성수동,69.2,
2018,11,13,7,성수동,71.0,
2018,11,13,8,성수동,73.0,
2018,11,13,9,성수동,72.6,
2018,11,13,10,성수동,72.6,
2018,11,13,11,성수동,72.4,
2018,11,13,12,성수동,72.2,
2018,11,13,13,성수동,72.0,
2018,11,13,14,성수동,71.9,
2018,11,13,15,성수동,72.4,
2018,11,13,16,성수동,73.1,
2018,11,13,17,성수동,72.1,
2018,11,13,18,성수동,72.2,
2018,11,13,19,성수동,71.9,
2018,11,13,20,성수동,72.3,
2018,11,13,21,성수동,71.6,
2018,11,13,22,성수동,71.6,
2018,11,13,23,성수동,71.5,
2018,11,13,24,성수동,71.0,
2018,11,14,1,성수동,70.2,
2018,11,14,2,성수동,69.2,
2018,11,14,3,성수동,67.5,
2018,11,14,4,성수동,67.2,
2018,11,14,5,성수동,66.6,
2018,11,14,6,성수동,68.7,
2018,11,14,7,성수동,71.4,
2018,11,14,8,성수동,72.9,
2018,11,14,9,성수동,72.8,
2018,11,14,10,성수동,72.7,
2018,11,14,11,성수동,72.6,
2018,11,14,12,성수동,72.7,
2018,11,14,13,성수동,72.1,
2018,11,14,14,성수동,71.7,
2018,11,14,15,성수동,72.1,
2018,11,14,16,성수동,72.3,
2018,11,14,17,성수동,71.9,
2018,11,14,18,성수동,71.9,
2018,11,14,19,성수동,69.8,
2018,11,14,20,성수동,72.3,
2018,11,14,21,성수동,72.0,
2018,11,14,22,성수동,71.8,
2018,11,14,23,성수동,71.4,
2018,11,14,24,성수동,71.2,
2018,11,15,1,성수동,70.0,
2018,11,15,2,성수동,69.2,
2018,11,15,3,성수동,68.2,
2018,11,15,4,성수동,67.0,
2018,11,15,5,성수동,67.1,
2018,11,15,6,성수동,69.8,
2018,11,15,7,성수동,71.1,
2018,11,15,8,성수동,73.4,
2018,11,15,9,성수동,72.4,
2018,11,15,10,성수동,72.8,
2018,11,15,11,성수동,72.6,
2018,11,15,12,성수동,72.3,
2018,11,15,13,성수동,72.0,
2018,11,15,14,성수동,72.1,
2018,11,15,15,성수동,71.8,
2018,11,15,16,성수동,72.5,
2018,11,15,17,성수동,72.4,
2018,11,15,18,성수동,71.5,
2018,11,15,19,성수동,71.6,
2018,11,15,20,성수동,72.6,
2018,11,15,21,성수동,72.0,
2018,11,15,22,성수동,71.7,
2018,11,15,23,성수동,71.5,
2018,11,15,24,성수동,70.9,
2018,11,16,1,성수동,70.1,
2018,11,16,2,성수동,68.4,
2018,11,16,3,성수동,67.9,
2018,11,16,4,성수동,67.5,
2018,11,16,5,성수동,67.2,
2018,11,16,6,성수동,69.0,
2018,11,16,7,성수동,70.6,
2018,11,16,8,성수동,72.0,
2018,11,16,9,성수동,72.2,
2018,11,16,10,성수동,72.2,
2018,11,16,11,성수동,72.1,
2018,11,16,12,성수동,72.4,
2018,11,16,13,성수동,72.2,
2018,11,16,14,성수동,72.2,
2018,11,16,15,성수동,72.1,
2018,11,16,16,성수동,72.1,
2018,11,16,17,성수동,72.6,
2018,11,16,18,성수동,72.2,
2018,11,16,19,성수동,70.1,
2018,11,16,20,성수동,70.7,
2018,11,16,21,성수동,72.1,
2018,11,16,22,성수동,71.9,
2018,11,16,23,성수동,71.7,
2018,11,16,24,성수동,71.4,
2018,11,17,1,성수동,70.1,
2018,11,17,2,성수동,69.6,
2018,11,17,3,성수동,69.3,
2018,11,17,4,성수동,68.2,
2018,11,17,5,성수동,68.0,
2018,11,17,6,성수동,68.9,
2018,11,17,7,성수동,70.5,
2018,11,17,8,성수동,71.5,
2018,11,17,9,성수동,72.6,
2018,11,17,10,성수동,72.6,
2018,11,17,11,성수동,72.8,
2018,11,17,12,성수동,72.8,
2018,11,17,13,성수동,72.7,
2018,11,17,14,성수동,72.7,
2018,11,17,15,성수동,73.1,
2018,11,17,16,성수동,72.9,
2018,11,17,17,성수동,73.1,
2018,11,17,18,성수동,72.6,
2018,11,17,19,성수동,72.0,
2018,11,17,20,성수동,72.0,
2018,11,17,21,성수동,71.6,
2018,11,17,22,성수동,71.6,
2018,11,17,23,성수동,70.9,
2018,11,17,24,성수동,70.6,
2018,11,18,1,성수동,70.0,
2018,11,18,2,성수동,69.1,
2018,11,18,3,성수동,68.4,
2018,11,18,4,성수동,67.1,
2018,11,18,5,성수동,67.2,
2018,11,18,6,성수동,67.1,
2018,11,18,7,성수동,67.6,
2018,11,18,8,성수동,69.0,
2018,11,18,9,성수동,70.6,
2018,11,18,10,성수동,70.9,
2018,11,18,11,성수동,-,장비 및 시스템 교체
2018,11,18,12,성수동,-,장비 및 시스템 교체
2018,11,18,13,성수동,-,장비 및 시스템 교체
2018,11,18,14,성수동,-,장비 및 시스템 교체
2018,11,18,15,성수동,-,장비 및 시스템 교체
2018,11,18,16,성수동,-,장비 및 시스템 교체
2018,11,18,17,성수동,-,장비 및 시스템 교체
2018,11,18,18,성수동,-,장비 및 시스템 교체
2018,11,18,19,성수동,-,장비 및 시스템 교체
2018,11,18,20,성수동,-,장비 및 시스템 교체
2018,11,18,21,성수동,-,장비 및 시스템 교체
2018,11,18,22,성수동,-,장비 및 시스템 교체
2018,11,18,23,성수동,-,장비 및 시스템 교체
2018,11,18,24,성수동,-,장비 및 시스템 교체
2018,11,19,1,성수동,-,장비 및 시스템 교체
2018,11,19,2,성수동,-,장비 및 시스템 교체
2018,11,19,3,성수동,-,장비 및 시스템 교체
2018,11,19,4,성수동,-,장비 및 시스템 교체
2018,11,19,5,성수동,-,장비 및 시스템 교체
2018,11,19,6,성수동,-,장비 및 시스템 교체
2018,11,19,7,성수동,-,장비 및 시스템 교체
2018,11,19,8,성수동,-,장비 및 시스템 교체
2018,11,19,9,성수동,-,장비 및 시스템 교체
2018,11,19,10,성수동,-,장비 및 시스템 교체
2018,11,19,11,성수동,-,장비 및 시스템 교체
2018,11,19,12,성수동,-,장비 및 시스템 교체
2018,11,19,13,성수동,-,장비 및 시스템 교체
2018,11,19,14,성수동,-,장비 및 시스템 교체
2018,11,19,15,성수동,-,장비 및 시스템 교체
2018,11,19,16,성수동,72.4,
2018,11,19,17,성수동,72.2,
2018,11,19,18,성수동,71.8,
2018,11,19,19,성수동,68.7,
2018,11,19,20,성수동,70.4,
2018,11,19,21,성수동,71.8,
2018,11,19,22,성수동,71.6,
2018,11,19,23,성수동,71.0,
2018,11,19,24,성수동,70.2,
2018,11,20,1,성수동,69.2,
2018,11,20,2,성수동,67.8,
2018,11,20,3,성수동,66.3,
2018,11,20,4,성수동,66.3,
2018,11,20,5,성수동,67.3,
2018,11,20,6,성수동,68.3,
2018,11,20,7,성수동,71.0,
2018,11,20,8,성수동,72.7,
2018,11,20,9,성수동,73.1,
2018,11,20,10,성수동,72.3,
2018,11,20,11,성수동,71.8,
2018,11,20,12,성수동,72.3,
2018,11,20,13,성수동,72.3,
2018,11,20,14,성수동,71.7,
2018,11,20,15,성수동,71.9,
2018,11,20,16,성수동,72.5,
2018,11,20,17,성수동,72.1,
2018,11,20,18,성수동,71.7,
2018,11,20,19,성수동,71.1,
2018,11,20,20,성수동,72.0,
2018,11,20,21,성수동,71.6,
2018,11,20,22,성수동,71.6,
2018,11,20,23,성수동,71.2,
2018,11,20,24,성수동,70.4,
2018,11,21,1,성수동,71.1,
2018,11,21,2,성수동,70.9,
2018,11,21,3,성수동,69.4,
2018,11,21,4,성수동,68.8,
2018,11,21,5,성수동,67.7,
2018,11,21,6,성수동,70.0,
2018,11,21,7,성수동,72.0,
2018,11,21,8,성수동,73.5,
2018,11,21,9,성수동,73.3,
2018,11,21,10,성수동,72.7,
2018,11,21,11,성수동,71.6,
2018,11,21,12,성수동,72.6,
2018,11,21,13,성수동,71.9,
2018,11,21,14,성수동,72.2,
2018,11,21,15,성수동,72.6,
2018,11,21,16,성수동,72.8,
2018,11,21,17,성수동,72.6,
2018,11,21,18,성수동,72.3,
2018,11,21,19,성수동,71.2,
2018,11,21,20,성수동,72.3,
2018,11,21,21,성수동,72.6,
2018,11,21,22,성수동,71.7,
2018,11,21,23,성수동,71.9,
2018,11,21,24,성수동,71.2,
2018,11,22,1,성수동,70.4,
2018,11,22,2,성수동,69.3,
2018,11,22,3,성수동,68.2,
2018,11,22,4,성수동,66.9,
2018,11,22,5,성수동,67.2,
2018,11,22,6,성수동,69.9,
2018,11,22,7,성수동,71.2,
2018,11,22,8,성수동,72.6,
2018,11,22,9,성수동,72.7,
2018,11,22,10,성수동,72.1,
2018,11,22,11,성수동,72.1,
2018,11,22,12,성수동,72.4,
2018,11,22,13,성수동,71.8,
2018,11,22,14,성수동,72.0,
2018,11,22,15,성수동,72.2,
2018,11,22,16,성수동,72.6,
2018,11,22,17,성수동,72.6,
2018,11,22,18,성수동,72.5,
2018,11,22,19,성수동,72.3,
2018,11,22,20,성수동,72.7,
2018,11,22,21,성수동,72.1,
2018,11,22,22,성수동,71.7,
2018,11,22,23,성수동,71.6,
2018,11,22,24,성수동,71.1,
2018,11,23,1,성수동,69.9,
2018,11,23,2,성수동,68.8,
2018,11,23,3,성수동,67.8,
2018,11,23,4,성수동,67.3,
2018,11,23,5,성수동,67.3,
2018,11,23,6,성수동,68.9,
2018,11,23,7,성수동,71.1,
2018,11,23,8,성수동,72.8,
2018,11,23,9,성수동,73.3,
2018,11,23,10,성수동,72.5,
2018,11,23,11,성수동,72.2,
2018,11,23,12,성수동,72.4,
2018,11,23,13,성수동,72.3,
2018,11,23,14,성수동,72.0,
2018,11,23,15,성수동,72.4,
2018,11,23,16,성수동,72.2,
2018,11,23,17,성수동,72.3,
2018,11,23,18,성수동,71.9,
2018,11,23,19,성수동,69.9,
2018,11,23,20,성수동,71.5,
2018,11,23,21,성수동,72.1,
2018,11,23,22,성수동,72.0,
2018,11,23,23,성수동,71.7,
2018,11,23,24,성수동,71.0,
2018,11,24,1,성수동,70.9,
2018,11,24,2,성수동,69.1,
2018,11,24,3,성수동,68.2,
2018,11,24,4,성수동,67.6,
2018,11,24,5,성수동,67.2,
2018,11,24,6,성수동,68.6,
2018,11,24,7,성수동,69.9,
2018,11,24,8,성수동,73.0,
2018,11,24,9,성수동,75.8,
2018,11,24,10,성수동,75.2,
2018,11,24,11,성수동,75.9,
2018,11,24,12,성수동,75.0,
2018,11,24,13,성수동,75.4,
2018,11,24,14,성수동,75.1,
2018,11,24,15,성수동,74.9,
2018,11,24,16,성수동,75.1,
2018,11,24,17,성수동,74.7,
2018,11,24,18,성수동,74.5,
2018,11,24,19,성수동,74.0,
2018,11,24,20,성수동,73.2,
2018,11,24,21,성수동,72.7,
2018,11,24,22,성수동,72.6,
2018,11,24,23,성수동,71.9,
2018,11,24,24,성수동,71.9,
2018,11,25,1,성수동,71.0,
2018,11,25,2,성수동,69.9,
2018,11,25,3,성수동,69.6,
2018,11,25,4,성수동,68.7,
2018,11,25,5,성수동,67.8,
2018,11,25,6,성수동,68.0,
2018,11,25,7,성수동,68.9,
2018,11,25,8,성수동,70.7,
2018,11,25,9,성수동,72.4,
2018,11,25,10,성수동,72.6,
2018,11,25,11,성수동,73.1,
2018,11,25,12,성수동,73.0,
2018,11,25,13,성수동,73.3,
2018,11,25,14,성수동,73.0,
2018,11,25,15,성수동,73.4,
2018,11,25,16,성수동,73.2,
2018,11,25,17,성수동,72.8,
2018,11,25,18,성수동,72.4,
2018,11,25,19,성수동,71.9,
2018,11,25,20,성수동,71.8,
2018,11,25,21,성수동,71.4,
2018,11,25,22,성수동,71.5,
2018,11,25,23,성수동,70.9,
2018,11,25,24,성수동,70.7,
2018,11,26,1,성수동,70.5,
2018,11,26,2,성수동,68.0,
2018,11,26,3,성수동,67.3,
2018,11,26,4,성수동,66.1,
2018,11,26,5,성수동,66.8,
2018,11,26,6,성수동,69.5,
2018,11,26,7,성수동,71.5,
2018,11,26,8,성수동,73.6,
2018,11,26,9,성수동,73.2,
2018,11,26,10,성수동,72.1,
2018,11,26,11,성수동,72.5,
2018,11,26,12,성수동,72.7,
2018,11,26,13,성수동,72.3,
2018,11,26,14,성수동,72.3,
2018,11,26,15,성수동,72.7,
2018,11,26,16,성수동,72.7,
2018,11,26,17,성수동,72.6,
2018,11,26,18,성수동,72.5,
2018,11,26,19,성수동,70.0,
2018,11,26,20,성수동,71.9,
2018,11,26,21,성수동,72.3,
2018,11,26,22,성수동,72.0,
2018,11,26,23,성수동,71.9,
2018,11,26,24,성수동,71.2,
2018,11,27,1,성수동,70.1,
2018,11,27,2,성수동,69.0,
2018,11,27,3,성수동,67.3,
2018,11,27,4,성수동,67.6,
2018,11,27,5,성수동,67.5,
2018,11,27,6,성수동,69.0,
2018,11,27,7,성수동,71.2,
2018,11,27,8,성수동,72.7,
2018,11,27,9,성수동,72.9,
2018,11,27,10,성수동,72.3,
2018,11,27,11,성수동,72.1,
2018,11,27,12,성수동,72.2,
2018,11,27,13,성수동,72.2,
2018,11,27,14,성수동,72.2,
2018,11,27,15,성수동,72.1,
2018,11,27,16,성수동,72.3,
2018,11,27,17,성수동,72.1,
2018,11,27,18,성수동,72.2,
2018,11,27,19,성수동,70.7,
2018,11,27,20,성수동,72.2,
2018,11,27,21,성수동,71.7,
2018,11,27,22,성수동,71.5,
2018,11,27,23,성수동,71.3,
2018,11,27,24,성수동,70.9,
2018,11,28,1,성수동,69.4,
2018,11,28,2,성수동,68.7,
2018,11,28,3,성수동,67.0,
2018,11,28,4,성수동,66.8,
2018,11,28,5,성수동,67.4,
2018,11,28,6,성수동,68.4,
2018,11,28,7,성수동,70.8,
2018,11,28,8,성수동,72.3,
2018,11,28,9,성수동,72.3,
2018,11,28,10,성수동,72.0,
2018,11,28,11,성수동,71.7,
2018,11,28,12,성수동,71.7,
2018,11,28,13,성수동,71.7,
2018,11,28,14,성수동,71.8,
2018,11,28,15,성수동,72.1,
2018,11,28,16,성수동,72.7,
2018,11,28,17,성수동,72.3,
2018,11,28,18,성수동,72.2,
2018,11,28,19,성수동,69.9,
2018,11,28,20,성수동,71.3,
2018,11,28,21,성수동,72.1,
2018,11,28,22,성수동,71.7,
2018,11,28,23,성수동,71.4,
2018,11,28,24,성수동,71.0,
2018,11,29,1,성수동,70.1,
2018,11,29,2,성수동,69.3,
2018,11,29,3,성수동,67.7,
2018,11,29,4,성수동,67.7,
2018,11,29,5,성수동,67.0,
2018,11,29,6,성수동,68.5,
2018,11,29,7,성수동,70.9,
2018,11,29,8,성수동,72.5,
2018,11,29,9,성수동,72.1,
2018,11,29,10,성수동,71.7,
2018,11,29,11,성수동,71.0,
2018,11,29,12,성수동,71.7,
2018,11,29,13,성수동,71.7,
2018,11,29,14,성수동,72.1,
2018,11,29,15,성수동,72.1,
2018,11,29,16,성수동,72.3,
2018,11,29,17,성수동,72.2,
2018,11,29,18,성수동,72.6,
2018,11,29,19,성수동,71.2,
2018,11,29,20,성수동,72.5,
2018,11,29,21,성수동,71.9,
2018,11,29,22,성수동,71.8,
2018,11,29,23,성수동,71.5,
2018,11,29,24,성수동,71.1,
2018,11,30,1,성수동,70.1,
2018,11,30,2,성수동,69.1,
2018,11,30,3,성수동,68.0,
2018,11,30,4,성수동,67.5,
2018,11,30,5,성수동,66.9,
2018,11,30,6,성수동,68.7,
2018,11,30,7,성수동,71.0,
2018,11,30,8,성수동,72.8,
2018,11,30,9,성수동,73.1,
2018,11,30,10,성수동,72.8,
2018,11,30,11,성수동,72.0,
2018,11,30,12,성수동,72.4,
2018,11,30,13,성수동,72.1,
2018,11,30,14,성수동,72.0,
2018,11,30,15,성수동,72.3,
2018,11,30,16,성수동,72.4,
2018,11,30,17,성수동,72.5,
2018,11,30,18,성수동,71.9,
2018,11,30,19,성수동,72.0,
2018,11,30,20,성수동,71.0,
2018,11,30,21,성수동,72.3,
2018,11,30,22,성수동,71.9,
2018,11,30,23,성수동,72.0,
2018,11,30,24,성수동,71.1,
2018,12,1,1,성수동,70.8,
2018,12,1,2,성수동,69.6,
2018,12,1,3,성수동,68.9,
2018,12,1,4,성수동,68.5,
2018,12,1,5,성수동,67.9,
2018,12,1,6,성수동,69.5,
2018,12,1,7,성수동,70.1,
2018,12,1,8,성수동,71.5,
2018,12,1,9,성수동,72.5,
2018,12,1,10,성수동,72.4,
2018,12,1,11,성수동,72.6,
2018,12,1,12,성수동,72.6,
2018,12,1,13,성수동,72.9,
2018,12,1,14,성수동,72.7,
2018,12,1,15,성수동,72.3,
2018,12,1,16,성수동,72.6,
2018,12,1,17,성수동,72.6,
2018,12,1,18,성수동,72.4,
2018,12,1,19,성수동,72.6,
2018,12,1,20,성수동,72.2,
2018,12,1,21,성수동,71.4,
2018,12,1,22,성수동,71.6,
2018,12,1,23,성수동,70.9,
2018,12,1,24,성수동,70.6,
2018,12,2,1,성수동,70.4,
2018,12,2,2,성수동,69.7,
2018,12,2,3,성수동,68.4,
2018,12,2,4,성수동,67.8,
2018,12,2,5,성수동,67.3,
2018,12,2,6,성수동,67.4,
2018,12,2,7,성수동,68.7,
2018,12,2,8,성수동,69.6,
2018,12,2,9,성수동,70.8,
2018,12,2,10,성수동,71.0,
2018,12,2,11,성수동,71.6,
2018,12,2,12,성수동,72.1,
2018,12,2,13,성수동,72.2,
2018,12,2,14,성수동,72.2,
2018,12,2,15,성수동,71.9,
2018,12,2,16,성수동,72.0,
2018,12,2,17,성수동,71.9,
2018,12,2,18,성수동,71.7,
2018,12,2,19,성수동,71.2,
2018,12,2,20,성수동,70.7,
2018,12,2,21,성수동,70.4,
2018,12,2,22,성수동,70.7,
2018,12,2,23,성수동,70.1,
2018,12,2,24,성수동,69.8,
2018,12,3,1,성수동,68.7,
2018,12,3,2,성수동,67.3,
2018,12,3,3,성수동,66.4,
2018,12,3,4,성수동,65.6,
2018,12,3,5,성수동,64.6,
2018,12,3,6,성수동,69.1,
2018,12,3,7,성수동,74.0,
2018,12,3,8,성수동,75.3,
2018,12,3,9,성수동,74.8,
2018,12,3,10,성수동,73.6,
2018,12,3,11,성수동,74.0,
2018,12,3,12,성수동,74.3,
2018,12,3,13,성수동,74.2,
2018,12,3,14,성수동,74.5,
2018,12,3,15,성수동,75.0,
2018,12,3,16,성수동,75.9,
2018,12,3,17,성수동,74.5,
2018,12,3,18,성수동,73.8,
2018,12,3,19,성수동,70.5,
2018,12,3,20,성수동,73.6,
2018,12,3,21,성수동,73.4,
2018,12,3,22,성수동,73.1,
2018,12,3,23,성수동,72.4,
2018,12,3,24,성수동,71.9,
2018,12,4,1,성수동,71.0,
2018,12,4,2,성수동,69.7,
2018,12,4,3,성수동,68.8,
2018,12,4,4,성수동,68.7,
2018,12,4,5,성수동,70.3,
2018,12,4,6,성수동,71.8,
2018,12,4,7,성수동,73.9,
2018,12,4,8,성수동,74.6,
2018,12,4,9,성수동,74.5,
2018,12,4,10,성수동,73.5,
2018,12,4,11,성수동,69.5,
2018,12,4,12,성수동,69.5,
2018,12,4,13,성수동,69.5,
2018,12,4,14,성수동,69.5,
2018,12,4,15,성수동,69.5,
2018,12,4,16,성수동,69.5,
2018,12,4,17,성수동,69.5,
2018,12,4,18,성수동,69.5,
2018,12,4,19,성수동,69.5,
2018,12,4,20,성수동,69.5,
2018,12,4,21,성수동,69.5,
2018,12,4,22,성수동,69.5,
2018,12,4,23,성수동,69.5,
2018,12,4,24,성수동,69.5,
2018,12,5,1,성수동,-,장비 및 시스템 교체
2018,12,5,2,성수동,-,장비 및 시스템 교체
2018,12,5,3,성수동,-,장비 및 시스템 교체
2018,12,5,4,성수동,-,장비 및 시스템 교체
2018,12,5,5,성수동,-,장비 및 시스템 교체
2018,12,5,6,성수동,-,장비 및 시스템 교체
2018,12,5,7,성수동,-,장비 및 시스템 교체
2018,12,5,8,성수동,-,장비 및 시스템 교체
2018,12,5,9,성수동,-,장비 및 시스템 교체
2018,12,5,10,성수동,-,장비 및 시스템 교체
2018,12,5,11,성수동,-,장비 및 시스템 교체
2018,12,5,12,성수동,-,장비 및 시스템 교체
2018,12,5,13,성수동,-,장비 및 시스템 교체
2018,12,5,14,성수동,-,장비 및 시스템 교체
2018,12,5,15,성수동,-,장비 및 시스템 교체
2018,12,5,16,성수동,-,장비 및 시스템 교체
2018,12,5,17,성수동,-,장비 및 시스템 교체
2018,12,5,18,성수동,-,장비 및 시스템 교체
2018,12,5,19,성수동,-,장비 및 시스템 교체
2018,12,5,20,성수동,-,장비 및 시스템 교체
2018,12,5,21,성수동,-,장비 및 시스템 교체
2018,12,5,22,성수동,-,장비 및 시스템 교체
2018,12,5,23,성수동,-,장비 및 시스템 교체
2018,12,5,24,성수동,-,장비 및 시스템 교체
2018,12,6,1,성수동,-,장비 및 시스템 교체
2018,12,6,2,성수동,-,장비 및 시스템 교체
2018,12,6,3,성수동,-,장비 및 시스템 교체
2018,12,6,4,성수동,-,장비 및 시스템 교체
2018,12,6,5,성수동,-,장비 및 시스템 교체
2018,12,6,6,성수동,-,장비 및 시스템 교체
2018,12,6,7,성수동,-,장비 및 시스템 교체
2018,12,6,8,성수동,-,장비 및 시스템 교체
2018,12,6,9,성수동,-,장비 및 시스템 교체
2018,12,6,10,성수동,-,장비 및 시스템 교체
2018,12,6,11,성수동,-,장비 및 시스템 교체
2018,12,6,12,성수동,-,장비 및 시스템 교체
2018,12,6,13,성수동,-,장비 및 시스템 교체
2018,12,6,14,성수동,-,장비 및 시스템 교체
2018,12,6,15,성수동,-,장비 및 시스템 교체
2018,12,6,16,성수동,-,장비 및 시스템 교체
2018,12,6,17,성수동,-,장비 및 시스템 교체
2018,12,6,18,성수동,-,장비 및 시스템 교체
2018,12,6,19,성수동,-,장비 및 시스템 교체
2018,12,6,20,성수동,-,장비 및 시스템 교체
2018,12,6,21,성수동,-,장비 및 시스템 교체
2018,12,6,22,성수동,-,장비 및 시스템 교체
2018,12,6,23,성수동,-,장비 및 시스템 교체
2018,12,6,24,성수동,-,장비 및 시스템 교체
2018,12,7,1,성수동,-,장비 및 시스템 교체
2018,12,7,2,성수동,-,장비 및 시스템 교체
2018,12,7,3,성수동,-,장비 및 시스템 교체
2018,12,7,4,성수동,-,장비 및 시스템 교체
2018,12,7,5,성수동,-,장비 및 시스템 교체
2018,12,7,6,성수동,-,장비 및 시스템 교체
2018,12,7,7,성수동,-,장비 및 시스템 교체
2018,12,7,8,성수동,-,장비 및 시스템 교체
2018,12,7,9,성수동,-,장비 및 시스템 교체
2018,12,7,10,성수동,-,장비 및 시스템 교체
2018,12,7,11,성수동,-,장비 및 시스템 교체
2018,12,7,12,성수동,-,장비 및 시스템 교체
2018,12,7,13,성수동,-,장비 및 시스템 교체
2018,12,7,14,성수동,-,장비 및 시스템 교체
2018,12,7,15,성수동,-,장비 및 시스템 교체
2018,12,7,16,성수동,-,장비 및 시스템 교체
2018,12,7,17,성수동,-,장비 및 시스템 교체
2018,12,7,18,성수동,-,장비 및 시스템 교체
2018,12,7,19,성수동,-,장비 및 시스템 교체
2018,12,7,20,성수동,-,장비 및 시스템 교체
2018,12,7,21,성수동,-,장비 및 시스템 교체
2018,12,7,22,성수동,-,장비 및 시스템 교체
2018,12,7,23,성수동,-,장비 및 시스템 교체
2018,12,7,24,성수동,-,장비 및 시스템 교체
2018,12,8,1,성수동,-,장비 및 시스템 교체
2018,12,8,2,성수동,-,장비 및 시스템 교체
2018,12,8,3,성수동,-,장비 및 시스템 교체
2018,12,8,4,성수동,-,장비 및 시스템 교체
2018,12,8,5,성수동,-,장비 및 시스템 교체
2018,12,8,6,성수동,-,장비 및 시스템 교체
2018,12,8,7,성수동,-,장비 및 시스템 교체
2018,12,8,8,성수동,-,장비 및 시스템 교체
2018,12,8,9,성수동,-,장비 및 시스템 교체
2018,12,8,10,성수동,-,장비 및 시스템 교체
2018,12,8,11,성수동,-,장비 및 시스템 교체
2018,12,8,12,성수동,-,장비 및 시스템 교체
2018,12,8,13,성수동,-,장비 및 시스템 교체
2018,12,8,14,성수동,-,장비 및 시스템 교체
2018,12,8,15,성수동,-,장비 및 시스템 교체
2018,12,8,16,성수동,-,장비 및 시스템 교체
2018,12,8,17,성수동,-,장비 및 시스템 교체
2018,12,8,18,성수동,-,장비 및 시스템 교체
2018,12,8,19,성수동,-,장비 및 시스템 교체
2018,12,8,20,성수동,-,장비 및 시스템 교체
2018,12,8,21,성수동,-,장비 및 시스템 교체
2018,12,8,22,성수동,-,장비 및 시스템 교체
2018,12,8,23,성수동,-,장비 및 시스템 교체
2018,12,8,24,성수동,-,장비 및 시스템 교체
2018,12,9,1,성수동,-,장비 및 시스템 교체
2018,12,9,2,성수동,-,장비 및 시스템 교체
2018,12,9,3,성수동,-,장비 및 시스템 교체
2018,12,9,4,성수동,-,장비 및 시스템 교체
2018,12,9,5,성수동,-,장비 및 시스템 교체
2018,12,9,6,성수동,-,장비 및 시스템 교체
2018,12,9,7,성수동,-,장비 및 시스템 교체
2018,12,9,8,성수동,-,장비 및 시스템 교체
2018,12,9,9,성수동,-,장비 및 시스템 교체
2018,12,9,10,성수동,-,장비 및 시스템 교체
2018,12,9,11,성수동,-,장비 및 시스템 교체
2018,12,9,12,성수동,-,장비 및 시스템 교체
2018,12,9,13,성수동,-,장비 및 시스템 교체
2018,12,9,14,성수동,-,장비 및 시스템 교체
2018,12,9,15,성수동,-,장비 및 시스템 교체
2018,12,9,16,성수동,-,장비 및 시스템 교체
2018,12,9,17,성수동,-,장비 및 시스템 교체
2018,12,9,18,성수동,-,장비 및 시스템 교체
2018,12,9,19,성수동,-,장비 및 시스템 교체
2018,12,9,20,성수동,-,장비 및 시스템 교체
2018,12,9,21,성수동,-,장비 및 시스템 교체
2018,12,9,22,성수동,-,장비 및 시스템 교체
2018,12,9,23,성수동,-,장비 및 시스템 교체
2018,12,9,24,성수동,-,장비 및 시스템 교체
2018,12,10,1,성수동,-,장비 및 시스템 교체
2018,12,10,2,성수동,-,장비 및 시스템 교체
2018,12,10,3,성수동,-,장비 및 시스템 교체
2018,12,10,4,성수동,-,장비 및 시스템 교체
2018,12,10,5,성수동,-,장비 및 시스템 교체
2018,12,10,6,성수동,-,장비 및 시스템 교체
2018,12,10,7,성수동,-,장비 및 시스템 교체
2018,12,10,8,성수동,-,장비 및 시스템 교체
2018,12,10,9,성수동,-,장비 및 시스템 교체
2018,12,10,10,성수동,-,장비 및 시스템 교체
2018,12,10,11,성수동,-,장비 및 시스템 교체
2018,12,10,12,성수동,-,장비 및 시스템 교체
2018,12,10,13,성수동,-,장비 및 시스템 교체
2018,12,10,14,성수동,-,장비 및 시스템 교체
2018,12,10,15,성수동,-,장비 및 시스템 교체
2018,12,10,16,성수동,-,장비 및 시스템 교체
2018,12,10,17,성수동,-,장비 및 시스템 교체
2018,12,10,18,성수동,-,장비 및 시스템 교체
2018,12,10,19,성수동,-,장비 및 시스템 교체
2018,12,10,20,성수동,-,장비 및 시스템 교체
2018,12,10,21,성수동,-,장비 및 시스템 교체
2018,12,10,22,성수동,-,장비 및 시스템 교체
2018,12,10,23,성수동,-,장비 및 시스템 교체
2018,12,10,24,성수동,-,장비 및 시스템 교체
2018,12,11,1,성수동,-,장비 및 시스템 교체
2018,12,11,2,성수동,-,장비 및 시스템 교체
2018,12,11,3,성수동,-,장비 및 시스템 교체
2018,12,11,4,성수동,-,장비 및 시스템 교체
2018,12,11,5,성수동,-,장비 및 시스템 교체
2018,12,11,6,성수동,-,장비 및 시스템 교체
2018,12,11,7,성수동,-,장비 및 시스템 교체
2018,12,11,8,성수동,-,장비 및 시스템 교체
2018,12,11,9,성수동,-,장비 및 시스템 교체
2018,12,11,10,성수동,-,장비 및 시스템 교체
2018,12,11,11,성수동,-,장비 및 시스템 교체
2018,12,11,12,성수동,-,장비 및 시스템 교체
2018,12,11,13,성수동,-,장비 및 시스템 교체
2018,12,11,14,성수동,-,장비 및 시스템 교체
2018,12,11,15,성수동,-,장비 및 시스템 교체
2018,12,11,16,성수동,-,장비 및 시스템 교체
2018,12,11,17,성수동,-,장비 및 시스템 교체
2018,12,11,18,성수동,-,장비 및 시스템 교체
2018,12,11,19,성수동,-,장비 및 시스템 교체
2018,12,11,20,성수동,-,장비 및 시스템 교체
2018,12,11,21,성수동,-,장비 및 시스템 교체
2018,12,11,22,성수동,-,장비 및 시스템 교체
2018,12,11,23,성수동,-,장비 및 시스템 교체
2018,12,11,24,성수동,-,장비 및 시스템 교체
2018,12,12,1,성수동,-,장비 및 시스템 교체
2018,12,12,2,성수동,-,장비 및 시스템 교체
2018,12,12,3,성수동,-,장비 및 시스템 교체
2018,12,12,4,성수동,-,장비 및 시스템 교체
2018,12,12,5,성수동,-,장비 및 시스템 교체
2018,12,12,6,성수동,-,장비 및 시스템 교체
2018,12,12,7,성수동,-,장비 및 시스템 교체
2018,12,12,8,성수동,-,장비 및 시스템 교체
2018,12,12,9,성수동,-,장비 및 시스템 교체
2018,12,12,10,성수동,-,장비 및 시스템 교체
2018,12,12,11,성수동,-,장비 및 시스템 교체
2018,12,12,12,성수동,-,장비 및 시스템 교체
2018,12,12,13,성수동,-,장비 및 시스템 교체
2018,12,12,14,성수동,-,장비 및 시스템 교체
2018,12,12,15,성수동,-,장비 및 시스템 교체
2018,12,12,16,성수동,-,장비 및 시스템 교체
2018,12,12,17,성수동,-,장비 및 시스템 교체
2018,12,12,18,성수동,-,장비 및 시스템 교체
2018,12,12,19,성수동,-,장비 및 시스템 교체
2018,12,12,20,성수동,-,장비 및 시스템 교체
2018,12,12,21,성수동,-,장비 및 시스템 교체
2018,12,12,22,성수동,-,장비 및 시스템 교체
2018,12,12,23,성수동,-,장비 및 시스템 교체
2018,12,12,24,성수동,-,장비 및 시스템 교체
2018,12,13,1,성수동,-,장비 및 시스템 교체
2018,12,13,2,성수동,-,장비 및 시스템 교체
2018,12,13,3,성수동,-,장비 및 시스템 교체
2018,12,13,4,성수동,-,장비 및 시스템 교체
2018,12,13,5,성수동,-,장비 및 시스템 교체
2018,12,13,6,성수동,-,장비 및 시스템 교체
2018,12,13,7,성수동,-,장비 및 시스템 교체
2018,12,13,8,성수동,-,장비 및 시스템 교체
2018,12,13,9,성수동,-,장비 및 시스템 교체
2018,12,13,10,성수동,-,장비 및 시스템 교체
2018,12,13,11,성수동,-,장비 및 시스템 교체
2018,12,13,12,성수동,-,장비 및 시스템 교체
2018,12,13,13,성수동,-,장비 및 시스템 교체
2018,12,13,14,성수동,-,장비 및 시스템 교체
2018,12,13,15,성수동,-,장비 및 시스템 교체
2018,12,13,16,성수동,-,장비 및 시스템 교체
2018,12,13,17,성수동,-,장비 및 시스템 교체
2018,12,13,18,성수동,-,장비 및 시스템 교체
2018,12,13,19,성수동,-,장비 및 시스템 교체
2018,12,13,20,성수동,-,장비 및 시스템 교체
2018,12,13,21,성수동,-,장비 및 시스템 교체
2018,12,13,22,성수동,-,장비 및 시스템 교체
2018,12,13,23,성수동,-,장비 및 시스템 교체
2018,12,13,24,성수동,-,장비 및 시스템 교체
2018,12,14,1,성수동,-,장비 및 시스템 교체
2018,12,14,2,성수동,-,장비 및 시스템 교체
2018,12,14,3,성수동,-,장비 및 시스템 교체
2018,12,14,4,성수동,-,장비 및 시스템 교체
2018,12,14,5,성수동,-,장비 및 시스템 교체
2018,12,14,6,성수동,-,장비 및 시스템 교체
2018,12,14,7,성수동,-,장비 및 시스템 교체
2018,12,14,8,성수동,-,장비 및 시스템 교체
2018,12,14,9,성수동,-,장비 및 시스템 교체
2018,12,14,10,성수동,-,장비 및 시스템 교체
2018,12,14,11,성수동,-,장비 및 시스템 교체
2018,12,14,12,성수동,-,장비 및 시스템 교체
2018,12,14,13,성수동,-,장비 및 시스템 교체
2018,12,14,14,성수동,-,장비 및 시스템 교체
2018,12,14,15,성수동,-,장비 및 시스템 교체
2018,12,14,16,성수동,-,장비 및 시스템 교체
2018,12,14,17,성수동,-,장비 및 시스템 교체
2018,12,14,18,성수동,-,장비 및 시스템 교체
2018,12,14,19,성수동,-,장비 및 시스템 교체
2018,12,14,20,성수동,-,장비 및 시스템 교체
2018,12,14,21,성수동,-,장비 및 시스템 교체
2018,12,14,22,성수동,-,장비 및 시스템 교체
2018,12,14,23,성수동,-,장비 및 시스템 교체
2018,12,14,24,성수동,-,장비 및 시스템 교체
2018,12,15,1,성수동,-,장비 및 시스템 교체
2018,12,15,2,성수동,-,장비 및 시스템 교체
2018,12,15,3,성수동,-,장비 및 시스템 교체
2018,12,15,4,성수동,-,장비 및 시스템 교체
2018,12,15,5,성수동,-,장비 및 시스템 교체
2018,12,15,6,성수동,-,장비 및 시스템 교체
2018,12,15,7,성수동,-,장비 및 시스템 교체
2018,12,15,8,성수동,-,장비 및 시스템 교체
2018,12,15,9,성수동,-,장비 및 시스템 교체
2018,12,15,10,성수동,-,장비 및 시스템 교체
2018,12,15,11,성수동,-,장비 및 시스템 교체
2018,12,15,12,성수동,-,장비 및 시스템 교체
2018,12,15,13,성수동,-,장비 및 시스템 교체
2018,12,15,14,성수동,-,장비 및 시스템 교체
2018,12,15,15,성수동,-,장비 및 시스템 교체
2018,12,15,16,성수동,-,장비 및 시스템 교체
2018,12,15,17,성수동,-,장비 및 시스템 교체
2018,12,15,18,성수동,-,장비 및 시스템 교체
2018,12,15,19,성수동,-,장비 및 시스템 교체
2018,12,15,20,성수동,-,장비 및 시스템 교체
2018,12,15,21,성수동,-,장비 및 시스템 교체
2018,12,15,22,성수동,-,장비 및 시스템 교체
2018,12,15,23,성수동,-,장비 및 시스템 교체
2018,12,15,24,성수동,-,장비 및 시스템 교체
2018,12,16,1,성수동,-,장비 및 시스템 교체
2018,12,16,2,성수동,-,장비 및 시스템 교체
2018,12,16,3,성수동,-,장비 및 시스템 교체
2018,12,16,4,성수동,-,장비 및 시스템 교체
2018,12,16,5,성수동,-,장비 및 시스템 교체
2018,12,16,6,성수동,-,장비 및 시스템 교체
2018,12,16,7,성수동,-,장비 및 시스템 교체
2018,12,16,8,성수동,-,장비 및 시스템 교체
2018,12,16,9,성수동,-,장비 및 시스템 교체
2018,12,16,10,성수동,-,장비 및 시스템 교체
2018,12,16,11,성수동,-,장비 및 시스템 교체
2018,12,16,12,성수동,-,장비 및 시스템 교체
2018,12,16,13,성수동,-,장비 및 시스템 교체
2018,12,16,14,성수동,-,장비 및 시스템 교체
2018,12,16,15,성수동,-,장비 및 시스템 교체
2018,12,16,16,성수동,-,장비 및 시스템 교체
2018,12,16,17,성수동,-,장비 및 시스템 교체
2018,12,16,18,성수동,-,장비 및 시스템 교체
2018,12,16,19,성수동,-,장비 및 시스템 교체
2018,12,16,20,성수동,-,장비 및 시스템 교체
2018,12,16,21,성수동,-,장비 및 시스템 교체
2018,12,16,22,성수동,-,장비 및 시스템 교체
2018,12,16,23,성수동,-,장비 및 시스템 교체
2018,12,16,24,성수동,-,장비 및 시스템 교체
2018,12,17,1,성수동,-,장비 및 시스템 교체
2018,12,17,2,성수동,-,장비 및 시스템 교체
2018,12,17,3,성수동,-,장비 및 시스템 교체
2018,12,17,4,성수동,-,장비 및 시스템 교체
2018,12,17,5,성수동,-,장비 및 시스템 교체
2018,12,17,6,성수동,-,장비 및 시스템 교체
2018,12,17,7,성수동,-,장비 및 시스템 교체
2018,12,17,8,성수동,-,장비 및 시스템 교체
2018,12,17,9,성수동,-,장비 및 시스템 교체
2018,12,17,10,성수동,-,장비 및 시스템 교체
2018,12,17,11,성수동,-,장비 및 시스템 교체
2018,12,17,12,성수동,-,장비 및 시스템 교체
2018,12,17,13,성수동,-,장비 및 시스템 교체
2018,12,17,14,성수동,-,장비 및 시스템 교체
2018,12,17,15,성수동,-,장비 및 시스템 교체
2018,12,17,16,성수동,-,장비 및 시스템 교체
2018,12,17,17,성수동,-,장비 및 시스템 교체
2018,12,17,18,성수동,-,장비 및 시스템 교체
2018,12,17,19,성수동,-,장비 및 시스템 교체
2018,12,17,20,성수동,-,장비 및 시스템 교체
2018,12,17,21,성수동,-,장비 및 시스템 교체
2018,12,17,22,성수동,-,장비 및 시스템 교체
2018,12,17,23,성수동,-,장비 및 시스템 교체
2018,12,17,24,성수동,-,장비 및 시스템 교체
2018,12,18,1,성수동,-,장비 및 시스템 교체
2018,12,18,2,성수동,-,장비 및 시스템 교체
2018,12,18,3,성수동,-,장비 및 시스템 교체
2018,12,18,4,성수동,-,장비 및 시스템 교체
2018,12,18,5,성수동,-,장비 및 시스템 교체
2018,12,18,6,성수동,-,장비 및 시스템 교체
2018,12,18,7,성수동,-,장비 및 시스템 교체
2018,12,18,8,성수동,-,장비 및 시스템 교체
2018,12,18,9,성수동,-,장비 및 시스템 교체
2018,12,18,10,성수동,-,장비 및 시스템 교체
2018,12,18,11,성수동,-,장비 및 시스템 교체
2018,12,18,12,성수동,-,장비 및 시스템 교체
2018,12,18,13,성수동,-,장비 및 시스템 교체
2018,12,18,14,성수동,-,장비 및 시스템 교체
2018,12,18,15,성수동,-,장비 및 시스템 교체
2018,12,18,16,성수동,-,장비 및 시스템 교체
2018,12,18,17,성수동,-,장비 및 시스템 교체
2018,12,18,18,성수동,-,장비 및 시스템 교체
2018,12,18,19,성수동,-,장비 및 시스템 교체
2018,12,18,20,성수동,-,장비 및 시스템 교체
2018,12,18,21,성수동,-,장비 및 시스템 교체
2018,12,18,22,성수동,-,장비 및 시스템 교체
2018,12,18,23,성수동,-,장비 및 시스템 교체
2018,12,18,24,성수동,-,장비 및 시스템 교체
2018,12,19,1,성수동,-,장비 및 시스템 교체
2018,12,19,2,성수동,-,장비 및 시스템 교체
2018,12,19,3,성수동,-,장비 및 시스템 교체
2018,12,19,4,성수동,-,장비 및 시스템 교체
2018,12,19,5,성수동,-,장비 및 시스템 교체
2018,12,19,6,성수동,-,장비 및 시스템 교체
2018,12,19,7,성수동,-,장비 및 시스템 교체
2018,12,19,8,성수동,-,장비 및 시스템 교체
2018,12,19,9,성수동,-,장비 및 시스템 교체
2018,12,19,10,성수동,-,장비 및 시스템 교체
2018,12,19,11,성수동,-,장비 및 시스템 교체
2018,12,19,12,성수동,-,장비 및 시스템 교체
2018,12,19,13,성수동,-,장비 및 시스템 교체
2018,12,19,14,성수동,-,장비 및 시스템 교체
2018,12,19,15,성수동,-,장비 및 시스템 교체
2018,12,19,16,성수동,-,장비 및 시스템 교체
2018,12,19,17,성수동,-,장비 및 시스템 교체
2018,12,19,18,성수동,-,장비 및 시스템 교체
2018,12,19,19,성수동,-,장비 및 시스템 교체
2018,12,19,20,성수동,-,장비 및 시스템 교체
2018,12,19,21,성수동,-,장비 및 시스템 교체
2018,12,19,22,성수동,-,장비 및 시스템 교체
2018,12,19,23,성수동,-,장비 및 시스템 교체
2018,12,19,24,성수동,-,장비 및 시스템 교체
2018,12,20,1,성수동,-,장비 및 시스템 교체
2018,12,20,2,성수동,-,장비 및 시스템 교체
2018,12,20,3,성수동,-,장비 및 시스템 교체
2018,12,20,4,성수동,-,장비 및 시스템 교체
2018,12,20,5,성수동,-,장비 및 시스템 교체
2018,12,20,6,성수동,-,장비 및 시스템 교체
2018,12,20,7,성수동,-,장비 및 시스템 교체
2018,12,20,8,성수동,-,장비 및 시스템 교체
2018,12,20,9,성수동,-,장비 및 시스템 교체
2018,12,20,10,성수동,-,장비 및 시스템 교체
2018,12,20,11,성수동,-,장비 및 시스템 교체
2018,12,20,12,성수동,-,장비 및 시스템 교체
2018,12,20,13,성수동,-,장비 및 시스템 교체
2018,12,20,14,성수동,-,장비 및 시스템 교체
2018,12,20,15,성수동,-,장비 및 시스템 교체
2018,12,20,16,성수동,-,장비 및 시스템 교체
2018,12,20,17,성수동,-,장비 및 시스템 교체
2018,12,20,18,성수동,-,장비 및 시스템 교체
2018,12,20,19,성수동,-,장비 및 시스템 교체
2018,12,20,20,성수동,-,장비 및 시스템 교체
2018,12,20,21,성수동,-,장비 및 시스템 교체
2018,12,20,22,성수동,-,장비 및 시스템 교체
2018,12,20,23,성수동,-,장비 및 시스템 교체
2018,12,20,24,성수동,-,장비 및 시스템 교체
2018,12,21,1,성수동,-,장비 및 시스템 교체
2018,12,21,2,성수동,-,장비 및 시스템 교체
2018,12,21,3,성수동,-,장비 및 시스템 교체
2018,12,21,4,성수동,-,장비 및 시스템 교체
2018,12,21,5,성수동,-,장비 및 시스템 교체
2018,12,21,6,성수동,-,장비 및 시스템 교체
2018,12,21,7,성수동,-,장비 및 시스템 교체
2018,12,21,8,성수동,-,장비 및 시스템 교체
2018,12,21,9,성수동,-,장비 및 시스템 교체
2018,12,21,10,성수동,-,장비 및 시스템 교체
2018,12,21,11,성수동,-,장비 및 시스템 교체
2018,12,21,12,성수동,-,장비 및 시스템 교체
2018,12,21,13,성수동,-,장비 및 시스템 교체
2018,12,21,14,성수동,-,장비 및 시스템 교체
2018,12,21,15,성수동,-,장비 및 시스템 교체
2018,12,21,16,성수동,-,장비 및 시스템 교체
2018,12,21,17,성수동,-,장비 및 시스템 교체
2018,12,21,18,성수동,-,장비 및 시스템 교체
2018,12,21,19,성수동,-,장비 및 시스템 교체
2018,12,21,20,성수동,-,장비 및 시스템 교체
2018,12,21,21,성수동,-,장비 및 시스템 교체
2018,12,21,22,성수동,-,장비 및 시스템 교체
2018,12,21,23,성수동,-,장비 및 시스템 교체
2018,12,21,24,성수동,-,장비 및 시스템 교체
2018,12,22,1,성수동,-,장비 및 시스템 교체
2018,12,22,2,성수동,-,장비 및 시스템 교체
2018,12,22,3,성수동,-,장비 및 시스템 교체
2018,12,22,4,성수동,-,장비 및 시스템 교체
2018,12,22,5,성수동,-,장비 및 시스템 교체
2018,12,22,6,성수동,-,장비 및 시스템 교체
2018,12,22,7,성수동,-,장비 및 시스템 교체
2018,12,22,8,성수동,-,장비 및 시스템 교체
2018,12,22,9,성수동,-,장비 및 시스템 교체
2018,12,22,10,성수동,-,장비 및 시스템 교체
2018,12,22,11,성수동,-,장비 및 시스템 교체
2018,12,22,12,성수동,-,장비 및 시스템 교체
2018,12,22,13,성수동,-,장비 및 시스템 교체
2018,12,22,14,성수동,-,장비 및 시스템 교체
2018,12,22,15,성수동,-,장비 및 시스템 교체
2018,12,22,16,성수동,-,장비 및 시스템 교체
2018,12,22,17,성수동,-,장비 및 시스템 교체
2018,12,22,18,성수동,-,장비 및 시스템 교체
2018,12,22,19,성수동,-,장비 및 시스템 교체
2018,12,22,20,성수동,-,장비 및 시스템 교체
2018,12,22,21,성수동,-,장비 및 시스템 교체
2018,12,22,22,성수동,-,장비 및 시스템 교체
2018,12,22,23,성수동,-,장비 및 시스템 교체
2018,12,22,24,성수동,-,장비 및 시스템 교체
2018,12,23,1,성수동,-,장비 및 시스템 교체
2018,12,23,2,성수동,-,장비 및 시스템 교체
2018,12,23,3,성수동,-,장비 및 시스템 교체
2018,12,23,4,성수동,-,장비 및 시스템 교체
2018,12,23,5,성수동,-,장비 및 시스템 교체
2018,12,23,6,성수동,-,장비 및 시스템 교체
2018,12,23,7,성수동,-,장비 및 시스템 교체
2018,12,23,8,성수동,-,장비 및 시스템 교체
2018,12,23,9,성수동,-,장비 및 시스템 교체
2018,12,23,10,성수동,-,장비 및 시스템 교체
2018,12,23,11,성수동,-,장비 및 시스템 교체
2018,12,23,12,성수동,-,장비 및 시스템 교체
2018,12,23,13,성수동,-,장비 및 시스템 교체
2018,12,23,14,성수동,-,장비 및 시스템 교체
2018,12,23,15,성수동,-,장비 및 시스템 교체
2018,12,23,16,성수동,-,장비 및 시스템 교체
2018,12,23,17,성수동,-,장비 및 시스템 교체
2018,12,23,18,성수동,-,장비 및 시스템 교체
2018,12,23,19,성수동,-,장비 및 시스템 교체
2018,12,23,20,성수동,-,장비 및 시스템 교체
2018,12,23,21,성수동,-,장비 및 시스템 교체
2018,12,23,22,성수동,-,장비 및 시스템 교체
2018,12,23,23,성수동,-,장비 및 시스템 교체
2018,12,23,24,성수동,-,장비 및 시스템 교체
2018,12,24,1,성수동,-,장비 및 시스템 교체
2018,12,24,2,성수동,-,장비 및 시스템 교체
2018,12,24,3,성수동,-,장비 및 시스템 교체
2018,12,24,4,성수동,-,장비 및 시스템 교체
2018,12,24,5,성수동,-,장비 및 시스템 교체
2018,12,24,6,성수동,-,장비 및 시스템 교체
2018,12,24,7,성수동,-,장비 및 시스템 교체
2018,12,24,8,성수동,-,장비 및 시스템 교체
2018,12,24,9,성수동,-,장비 및 시스템 교체
2018,12,24,10,성수동,-,장비 및 시스템 교체
2018,12,24,11,성수동,-,장비 및 시스템 교체
2018,12,24,12,성수동,-,장비 및 시스템 교체
2018,12,24,13,성수동,-,장비 및 시스템 교체
2018,12,24,14,성수동,-,장비 및 시스템 교체
2018,12,24,15,성수동,-,장비 및 시스템 교체
2018,12,24,16,성수동,-,장비 및 시스템 교체
2018,12,24,17,성수동,-,장비 및 시스템 교체
2018,12,24,18,성수동,-,장비 및 시스템 교체
2018,12,24,19,성수동,-,장비 및 시스템 교체
2018,12,24,20,성수동,-,장비 및 시스템 교체
2018,12,24,21,성수동,-,장비 및 시스템 교체
2018,12,24,22,성수동,-,장비 및 시스템 교체
2018,12,24,23,성수동,-,장비 및 시스템 교체
2018,12,24,24,성수동,-,장비 및 시스템 교체
2018,12,25,1,성수동,-,장비 및 시스템 교체
2018,12,25,2,성수동,-,장비 및 시스템 교체
2018,12,25,3,성수동,-,장비 및 시스템 교체
2018,12,25,4,성수동,-,장비 및 시스템 교체
2018,12,25,5,성수동,-,장비 및 시스템 교체
2018,12,25,6,성수동,-,장비 및 시스템 교체
2018,12,25,7,성수동,-,장비 및 시스템 교체
2018,12,25,8,성수동,-,장비 및 시스템 교체
2018,12,25,9,성수동,-,장비 및 시스템 교체
2018,12,25,10,성수동,-,장비 및 시스템 교체
2018,12,25,11,성수동,-,장비 및 시스템 교체
2018,12,25,12,성수동,-,장비 및 시스템 교체
2018,12,25,13,성수동,-,장비 및 시스템 교체
2018,12,25,14,성수동,-,장비 및 시스템 교체
2018,12,25,15,성수동,-,장비 및 시스템 교체
2018,12,25,16,성수동,-,장비 및 시스템 교체
2018,12,25,17,성수동,-,장비 및 시스템 교체
2018,12,25,18,성수동,-,장비 및 시스템 교체
2018,12,25,19,성수동,-,장비 및 시스템 교체
2018,12,25,20,성수동,-,장비 및 시스템 교체
2018,12,25,21,성수동,-,장비 및 시스템 교체
2018,12,25,22,성수동,-,장비 및 시스템 교체
2018,12,25,23,성수동,-,장비 및 시스템 교체
2018,12,25,24,성수동,-,장비 및 시스템 교체
2018,12,26,1,성수동,-,장비 및 시스템 교체
2018,12,26,2,성수동,-,장비 및 시스템 교체
2018,12,26,3,성수동,-,장비 및 시스템 교체
2018,12,26,4,성수동,-,장비 및 시스템 교체
2018,12,26,5,성수동,-,장비 및 시스템 교체
2018,12,26,6,성수동,-,장비 및 시스템 교체
2018,12,26,7,성수동,-,장비 및 시스템 교체
2018,12,26,8,성수동,-,장비 및 시스템 교체
2018,12,26,9,성수동,-,장비 및 시스템 교체
2018,12,26,10,성수동,-,장비 및 시스템 교체
2018,12,26,11,성수동,-,장비 및 시스템 교체
2018,12,26,12,성수동,-,장비 및 시스템 교체
2018,12,26,13,성수동,-,장비 및 시스템 교체
2018,12,26,14,성수동,-,장비 및 시스템 교체
2018,12,26,15,성수동,-,장비 및 시스템 교체
2018,12,26,16,성수동,-,장비 및 시스템 교체
2018,12,26,17,성수동,-,장비 및 시스템 교체
2018,12,26,18,성수동,-,장비 및 시스템 교체
2018,12,26,19,성수동,-,장비 및 시스템 교체
2018,12,26,20,성수동,-,장비 및 시스템 교체
2018,12,26,21,성수동,-,장비 및 시스템 교체
2018,12,26,22,성수동,-,장비 및 시스템 교체
2018,12,26,23,성수동,-,장비 및 시스템 교체
2018,12,26,24,성수동,-,장비 및 시스템 교체
2018,12,27,1,성수동,-,장비 및 시스템 교체
2018,12,27,2,성수동,-,장비 및 시스템 교체
2018,12,27,3,성수동,-,장비 및 시스템 교체
2018,12,27,4,성수동,-,장비 및 시스템 교체
2018,12,27,5,성수동,-,장비 및 시스템 교체
2018,12,27,6,성수동,-,장비 및 시스템 교체
2018,12,27,7,성수동,-,장비 및 시스템 교체
2018,12,27,8,성수동,-,장비 및 시스템 교체
2018,12,27,9,성수동,-,장비 및 시스템 교체
2018,12,27,10,성수동,-,장비 및 시스템 교체
2018,12,27,11,성수동,-,장비 및 시스템 교체
2018,12,27,12,성수동,-,장비 및 시스템 교체
2018,12,27,13,성수동,-,장비 및 시스템 교체
2018,12,27,14,성수동,-,장비 및 시스템 교체
2018,12,27,15,성수동,-,장비 및 시스템 교체
2018,12,27,16,성수동,-,장비 및 시스템 교체
2018,12,27,17,성수동,-,장비 및 시스템 교체
2018,12,27,18,성수동,-,장비 및 시스템 교체
2018,12,27,19,성수동,-,장비 및 시스템 교체
2018,12,27,20,성수동,-,장비 및 시스템 교체
2018,12,27,21,성수동,-,장비 및 시스템 교체
2018,12,27,22,성수동,-,장비 및 시스템 교체
2018,12,27,23,성수동,-,장비 및 시스템 교체
2018,12,27,24,성수동,-,장비 및 시스템 교체
2018,12,28,1,성수동,-,장비 및 시스템 교체
2018,12,28,2,성수동,-,장비 및 시스템 교체
2018,12,28,3,성수동,-,장비 및 시스템 교체
2018,12,28,4,성수동,-,장비 및 시스템 교체
2018,12,28,5,성수동,-,장비 및 시스템 교체
2018,12,28,6,성수동,-,장비 및 시스템 교체
2018,12,28,7,성수동,-,장비 및 시스템 교체
2018,12,28,8,성수동,-,장비 및 시스템 교체
2018,12,28,9,성수동,-,장비 및 시스템 교체
2018,12,28,10,성수동,-,장비 및 시스템 교체
2018,12,28,11,성수동,-,장비 및 시스템 교체
2018,12,28,12,성수동,-,장비 및 시스템 교체
2018,12,28,13,성수동,-,장비 및 시스템 교체
2018,12,28,14,성수동,-,장비 및 시스템 교체
2018,12,28,15,성수동,-,장비 및 시스템 교체
2018,12,28,16,성수동,-,장비 및 시스템 교체
2018,12,28,17,성수동,-,장비 및 시스템 교체
2018,12,28,18,성수동,-,장비 및 시스템 교체
2018,12,28,19,성수동,-,장비 및 시스템 교체
2018,12,28,20,성수동,-,장비 및 시스템 교체
2018,12,28,21,성수동,-,장비 및 시스템 교체
2018,12,28,22,성수동,-,장비 및 시스템 교체
2018,12,28,23,성수동,-,장비 및 시스템 교체
2018,12,28,24,성수동,-,장비 및 시스템 교체
2018,12,29,1,성수동,-,장비 및 시스템 교체
2018,12,29,2,성수동,-,장비 및 시스템 교체
2018,12,29,3,성수동,-,장비 및 시스템 교체
2018,12,29,4,성수동,-,장비 및 시스템 교체
2018,12,29,5,성수동,-,장비 및 시스템 교체
2018,12,29,6,성수동,-,장비 및 시스템 교체
2018,12,29,7,성수동,-,장비 및 시스템 교체
2018,12,29,8,성수동,-,장비 및 시스템 교체
2018,12,29,9,성수동,-,장비 및 시스템 교체
2018,12,29,10,성수동,-,장비 및 시스템 교체
2018,12,29,11,성수동,-,장비 및 시스템 교체
2018,12,29,12,성수동,-,장비 및 시스템 교체
2018,12,29,13,성수동,-,장비 및 시스템 교체
2018,12,29,14,성수동,-,장비 및 시스템 교체
2018,12,29,15,성수동,-,장비 및 시스템 교체
2018,12,29,16,성수동,-,장비 및 시스템 교체
2018,12,29,17,성수동,-,장비 및 시스템 교체
2018,12,29,18,성수동,-,장비 및 시스템 교체
2018,12,29,19,성수동,-,장비 및 시스템 교체
2018,12,29,20,성수동,-,장비 및 시스템 교체
2018,12,29,21,성수동,-,장비 및 시스템 교체
2018,12,29,22,성수동,-,장비 및 시스템 교체
2018,12,29,23,성수동,-,장비 및 시스템 교체
2018,12,29,24,성수동,-,장비 및 시스템 교체
2018,12,30,1,성수동,-,장비 및 시스템 교체
2018,12,30,2,성수동,-,장비 및 시스템 교체
2018,12,30,3,성수동,-,장비 및 시스템 교체
2018,12,30,4,성수동,-,장비 및 시스템 교체
2018,12,30,5,성수동,-,장비 및 시스템 교체
2018,12,30,6,성수동,-,장비 및 시스템 교체
2018,12,30,7,성수동,-,장비 및 시스템 교체
2018,12,30,8,성수동,-,장비 및 시스템 교체
2018,12,30,9,성수동,-,장비 및 시스템 교체
2018,12,30,10,성수동,-,장비 및 시스템 교체
2018,12,30,11,성수동,-,장비 및 시스템 교체
2018,12,30,12,성수동,-,장비 및 시스템 교체
2018,12,30,13,성수동,-,장비 및 시스템 교체
2018,12,30,14,성수동,-,장비 및 시스템 교체
2018,12,30,15,성수동,-,장비 및 시스템 교체
2018,12,30,16,성수동,-,장비 및 시스템 교체
2018,12,30,17,성수동,-,장비 및 시스템 교체
2018,12,30,18,성수동,-,장비 및 시스템 교체
2018,12,30,19,성수동,-,장비 및 시스템 교체
2018,12,30,20,성수동,-,장비 및 시스템 교체
2018,12,30,21,성수동,-,장비 및 시스템 교체
2018,12,30,22,성수동,-,장비 및 시스템 교체
2018,12,30,23,성수동,-,장비 및 시스템 교체
2018,12,30,24,성수동,-,장비 및 시스템 교체
2018,12,31,1,성수동,-,장비 및 시스템 교체
2018,12,31,2,성수동,-,장비 및 시스템 교체
2018,12,31,3,성수동,-,장비 및 시스템 교체
2018,12,31,4,성수동,-,장비 및 시스템 교체
2018,12,31,5,성수동,-,장비 및 시스템 교체
2018,12,31,6,성수동,-,장비 및 시스템 교체
2018,12,31,7,성수동,-,장비 및 시스템 교체
2018,12,31,8,성수동,-,장비 및 시스템 교체
2018,12,31,9,성수동,-,장비 및 시스템 교체
2018,12,31,10,성수동,-,장비 및 시스템 교체
2018,12,31,11,성수동,-,장비 및 시스템 교체
2018,12,31,12,성수동,-,장비 및 시스템 교체
2018,12,31,13,성수동,-,장비 및 시스템 교체
2018,12,31,14,성수동,-,장비 및 시스템 교체
2018,12,31,15,성수동,-,장비 및 시스템 교체
2018,12,31,16,성수동,-,장비 및 시스템 교체
2018,12,31,17,성수동,-,장비 및 시스템 교체
2018,12,31,18,성수동,-,장비 및 시스템 교체
2018,12,31,19,성수동,-,장비 및 시스템 교체
2018,12,31,20,성수동,-,장비 및 시스템 교체
2018,12,31,21,성수동,-,장비 및 시스템 교체
2018,12,31,22,성수동,-,장비 및 시스템 교체
2018,12,31,23,성수동,-,장비 및 시스템 교체
2018,12,31,24,성수동,-,장비 및 시스템 교체
2019,1,1,1,성수동,71.4,
2019,1,1,2,성수동,70.1,
2019,1,1,3,성수동,70.5,
2019,1,1,4,성수동,68.7,
2019,1,1,5,성수동,68.9,
2019,1,1,6,성수동,70.7,
2019,1,1,7,성수동,73.3,
2019,1,1,8,성수동,74.7,
2019,1,1,9,성수동,75.7,
2019,1,1,10,성수동,76.0,
2019,1,1,11,성수동,75.4,
2019,1,1,12,성수동,75.3,
2019,1,1,13,성수동,74.9,
2019,1,1,14,성수동,77.7,
2019,1,1,15,성수동,75.3,
2019,1,1,16,성수동,75.4,
2019,1,1,17,성수동,75.0,
2019,1,1,18,성수동,76.1,
2019,1,1,19,성수동,72.7,
2019,1,1,20,성수동,75.5,
2019,1,1,21,성수동,75.3,
2019,1,1,22,성수동,73.9,
2019,1,1,23,성수동,73.8,
2019,1,1,24,성수동,73.8,
2019,1,2,1,성수동,74.6,
2019,1,2,2,성수동,71.8,
2019,1,2,3,성수동,71.0,
2019,1,2,4,성수동,70.2,
2019,1,2,5,성수동,70.2,
2019,1,2,6,성수동,70.9,
2019,1,2,7,성수동,71.8,
2019,1,2,8,성수동,73.1,
2019,1,2,9,성수동,75.6,
2019,1,2,10,성수동,75.5,
2019,1,2,11,성수동,75.4,
2019,1,2,12,성수동,75.1,
2019,1,2,13,성수동,75.1,
2019,1,2,14,성수동,76.2,
2019,1,2,15,성수동,75.5,
2019,1,2,16,성수동,75.5,
2019,1,2,17,성수동,76.1,
2019,1,2,18,성수동,75.8,
2019,1,2,19,성수동,75.4,
2019,1,2,20,성수동,74.6,
2019,1,2,21,성수동,73.3,
2019,1,2,22,성수동,73.7,
2019,1,2,23,성수동,74.3,
2019,1,2,24,성수동,73.0,
2019,1,3,1,성수동,72.8,
2019,1,3,2,성수동,72.1,
2019,1,3,3,성수동,70.5,
2019,1,3,4,성수동,69.7,
2019,1,3,5,성수동,74.9,
2019,1,3,6,성수동,69.2,
2019,1,3,7,성수동,70.3,
2019,1,3,8,성수동,71.0,
2019,1,3,9,성수동,74.1,
2019,1,3,10,성수동,78.2,
2019,1,3,11,성수동,74.0,
2019,1,3,12,성수동,73.6,
2019,1,3,13,성수동,74.7,
2019,1,3,14,성수동,77.9,
2019,1,3,15,성수동,73.5,
2019,1,3,16,성수동,74.3,
2019,1,3,17,성수동,74.1,
2019,1,3,18,성수동,74.5,
2019,1,3,19,성수동,74.0,
2019,1,3,20,성수동,73.7,
2019,1,3,21,성수동,75.2,
2019,1,3,22,성수동,73.8,
2019,1,3,23,성수동,72.5,
2019,1,3,24,성수동,71.3,
2019,1,4,1,성수동,71.5,
2019,1,4,2,성수동,69.2,
2019,1,4,3,성수동,70.1,
2019,1,4,4,성수동,67.4,
2019,1,4,5,성수동,68.2,
2019,1,4,6,성수동,70.9,
2019,1,4,7,성수동,73.1,
2019,1,4,8,성수동,75.2,
2019,1,4,9,성수동,76.1,
2019,1,4,10,성수동,75.9,
2019,1,4,11,성수동,75.9,
2019,1,4,12,성수동,75.3,
2019,1,4,13,성수동,75.3,
2019,1,4,14,성수동,75.7,
2019,1,4,15,성수동,76.5,
2019,1,4,16,성수동,75.4,
2019,1,4,17,성수동,75.5,
2019,1,4,18,성수동,73.5,
2019,1,4,19,성수동,72.5,
2019,1,4,20,성수동,72.7,
2019,1,4,21,성수동,74.6,
2019,1,4,22,성수동,75.2,
2019,1,4,23,성수동,74.2,
2019,1,4,24,성수동,72.6,
2019,1,5,1,성수동,73.2,
2019,1,5,2,성수동,71.9,
2019,1,5,3,성수동,71.0,
2019,1,5,4,성수동,70.2,
2019,1,5,5,성수동,70.0,
2019,1,5,6,성수동,70.4,
2019,1,5,7,성수동,71.2,
2019,1,5,8,성수동,71.3,
2019,1,5,9,성수동,72.9,
2019,1,5,10,성수동,73.6,
2019,1,5,11,성수동,74.4,
2019,1,5,12,성수동,74.0,
2019,1,5,13,성수동,74.1,
2019,1,5,14,성수동,75.8,
2019,1,5,15,성수동,74.7,
2019,1,5,16,성수동,74.6,
2019,1,5,17,성수동,75.2,
2019,1,5,18,성수동,74.1,
2019,1,5,19,성수동,73.4,
2019,1,5,20,성수동,72.8,
2019,1,5,21,성수동,73.5,
2019,1,5,22,성수동,73.2,
2019,1,5,23,성수동,73.8,
2019,1,5,24,성수동,72.1,
2019,1,6,1,성수동,71.3,
2019,1,6,2,성수동,70.3,
2019,1,6,3,성수동,69.3,
2019,1,6,4,성수동,68.5,
2019,1,6,5,성수동,69.5,
2019,1,6,6,성수동,70.6,
2019,1,6,7,성수동,73.2,
2019,1,6,8,성수동,75.0,
2019,1,6,9,성수동,75.8,
2019,1,6,10,성수동,75.2,
2019,1,6,11,성수동,75.1,
2019,1,6,12,성수동,74.6,
2019,1,6,13,성수동,74.9,
2019,1,6,14,성수동,75.3,
2019,1,6,15,성수동,75.4,
2019,1,6,16,성수동,77.0,
2019,1,6,17,성수동,75.9,
2019,1,6,18,성수동,75.2,
2019,1,6,19,성수동,74.2,
2019,1,6,20,성수동,75.3,
2019,1,6,21,성수동,74.5,
2019,1,6,22,성수동,74.0,
2019,1,6,23,성수동,74.5,
2019,1,6,24,성수동,73.2,
2019,1,7,1,성수동,72.2,
2019,1,7,2,성수동,71.0,
2019,1,7,3,성수동,70.7,
2019,1,7,4,성수동,70.1,
2019,1,7,5,성수동,69.5,
2019,1,7,6,성수동,71.6,
2019,1,7,7,성수동,73.7,
2019,1,7,8,성수동,75.9,
2019,1,7,9,성수동,76.9,
2019,1,7,10,성수동,76.5,
2019,1,7,11,성수동,75.5,
2019,1,7,12,성수동,76.1,
2019,1,7,13,성수동,75.9,
2019,1,7,14,성수동,76.5,
2019,1,7,15,성수동,75.7,
2019,1,7,16,성수동,75.4,
2019,1,7,17,성수동,75.7,
2019,1,7,18,성수동,75.2,
2019,1,7,19,성수동,73.6,
2019,1,7,20,성수동,75.1,
2019,1,7,21,성수동,74.2,
2019,1,7,22,성수동,73.8,
2019,1,7,23,성수동,73.7,
2019,1,7,24,성수동,71.5,
2019,1,8,1,성수동,71.2,
2019,1,8,2,성수동,70.5,
2019,1,8,3,성수동,69.1,
2019,1,8,4,성수동,68.5,
2019,1,8,5,성수동,68.2,
2019,1,8,6,성수동,70.4,
2019,1,8,7,성수동,73.2,
2019,1,8,8,성수동,74.3,
2019,1,8,9,성수동,75.2,
2019,1,8,10,성수동,75.3,
2019,1,8,11,성수동,75.2,
2019,1,8,12,성수동,74.5,
2019,1,8,13,성수동,74.1,
2019,1,8,14,성수동,75.5,
2019,1,8,15,성수동,75.7,
2019,1,8,16,성수동,75.3,
2019,1,8,17,성수동,75.3,
2019,1,8,18,성수동,75.1,
2019,1,8,19,성수동,74.6,
2019,1,8,20,성수동,75.4,
2019,1,8,21,성수동,75.0,
2019,1,8,22,성수동,74.4,
2019,1,8,23,성수동,73.9,
2019,1,8,24,성수동,72.8,
2019,1,9,1,성수동,73.7,
2019,1,9,2,성수동,70.5,
2019,1,9,3,성수동,69.4,
2019,1,9,4,성수동,69.4,
2019,1,9,5,성수동,69.1,
2019,1,9,6,성수동,71.0,
2019,1,9,7,성수동,73.4,
2019,1,9,8,성수동,75.2,
2019,1,9,9,성수동,75.9,
2019,1,9,10,성수동,75.9,
2019,1,9,11,성수동,75.2,
2019,1,9,12,성수동,75.6,
2019,1,9,13,성수동,75.7,
2019,1,9,14,성수동,76.8,
2019,1,9,15,성수동,75.6,
2019,1,9,16,성수동,76.1,
2019,1,9,17,성수동,76.0,
2019,1,9,18,성수동,75.2,
2019,1,9,19,성수동,74.0,
2019,1,9,20,성수동,74.9,
2019,1,9,21,성수동,74.2,
2019,1,9,22,성수동,75.3,
2019,1,9,23,성수동,73.5,
2019,1,9,24,성수동,72.1,
2019,1,10,1,성수동,72.8,
2019,1,10,2,성수동,71.1,
2019,1,10,3,성수동,69.7,
2019,1,10,4,성수동,68.9,
2019,1,10,5,성수동,68.9,
2019,1,10,6,성수동,70.6,
2019,1,10,7,성수동,73.0,
2019,1,10,8,성수동,74.5,
2019,1,10,9,성수동,75.2,
2019,1,10,10,성수동,75.0,
2019,1,10,11,성수동,75.4,
2019,1,10,12,성수동,77.5,
2019,1,10,13,성수동,74.6,
2019,1,10,14,성수동,74.7,
2019,1,10,15,성수동,75.6,
2019,1,10,16,성수동,75.9,
2019,1,10,17,성수동,75.4,
2019,1,10,18,성수동,76.3,
2019,1,10,19,성수동,73.1,
2019,1,10,20,성수동,74.4,
2019,1,10,21,성수동,75.0,
2019,1,10,22,성수동,75.2,
2019,1,10,23,성수동,75.5,
2019,1,10,24,성수동,73.5,
2019,1,11,1,성수동,73.5,
2019,1,11,2,성수동,73.8,
2019,1,11,3,성수동,72.4,
2019,1,11,4,성수동,71.8,
2019,1,11,5,성수동,70.9,
2019,1,11,6,성수동,71.2,
2019,1,11,7,성수동,72.6,
2019,1,11,8,성수동,73.3,
2019,1,11,9,성수동,75.3,
2019,1,11,10,성수동,75.3,
2019,1,11,11,성수동,75.7,
2019,1,11,12,성수동,75.8,
2019,1,11,13,성수동,75.6,
2019,1,11,14,성수동,75.7,
2019,1,11,15,성수동,75.5,
2019,1,11,16,성수동,75.5,
2019,1,11,17,성수동,75.5,
2019,1,11,18,성수동,75.5,
2019,1,11,19,성수동,75.3,
2019,1,11,20,성수동,75.0,
2019,1,11,21,성수동,74.6,
2019,1,11,22,성수동,73.8,
2019,1,11,23,성수동,73.7,
2019,1,11,24,성수동,73.8,
2019,1,12,1,성수동,72.9,
2019,1,12,2,성수동,72.2,
2019,1,12,3,성수동,70.7,
2019,1,12,4,성수동,70.5,
2019,1,12,5,성수동,69.5,
2019,1,12,6,성수동,69.3,
2019,1,12,7,성수동,70.8,
2019,1,12,8,성수동,71.5,
2019,1,12,9,성수동,72.1,
2019,1,12,10,성수동,73.4,
2019,1,12,11,성수동,73.9,
2019,1,12,12,성수동,73.7,
2019,1,12,13,성수동,73.7,
2019,1,12,14,성수동,74.2,
2019,1,12,15,성수동,74.1,
2019,1,12,16,성수동,74.4,
2019,1,12,17,성수동,73.6,
2019,1,12,18,성수동,73.7,
2019,1,12,19,성수동,73.5,
2019,1,12,20,성수동,73.0,
2019,1,12,21,성수동,72.7,
2019,1,12,22,성수동,73.1,
2019,1,12,23,성수동,72.6,
2019,1,12,24,성수동,71.3,
2019,1,13,1,성수동,71.8,
2019,1,13,2,성수동,70.6,
2019,1,13,3,성수동,68.8,
2019,1,13,4,성수동,68.7,
2019,1,13,5,성수동,69.3,
2019,1,13,6,성수동,69.5,
2019,1,13,7,성수동,70.2,
2019,1,13,8,성수동,71.2,
2019,1,13,9,성수동,72.1,
2019,1,13,10,성수동,74.4,
2019,1,13,11,성수동,74.6,
2019,1,13,12,성수동,74.0,
2019,1,13,13,성수동,74.0,
2019,1,13,14,성수동,74.0,
2019,1,13,15,성수동,73.8,
2019,1,13,16,성수동,73.9,
2019,1,13,17,성수동,74.3,
2019,1,13,18,성수동,73.6,
2019,1,13,19,성수동,73.6,
2019,1,13,20,성수동,73.9,
2019,1,13,21,성수동,73.0,
2019,1,13,22,성수동,73.1,
2019,1,13,23,성수동,72.2,
2019,1,13,24,성수동,71.5,
2019,1,14,1,성수동,70.4,
2019,1,14,2,성수동,69.0,
2019,1,14,3,성수동,69.0,
2019,1,14,4,성수동,67.3,
2019,1,14,5,성수동,68.8,
2019,1,14,6,성수동,70.9,
2019,1,14,7,성수동,73.4,
2019,1,14,8,성수동,75.3,
2019,1,14,9,성수동,75.4,
2019,1,14,10,성수동,75.7,
2019,1,14,11,성수동,75.8,
2019,1,14,12,성수동,75.4,
2019,1,14,13,성수동,76.4,
2019,1,14,14,성수동,76.2,
2019,1,14,15,성수동,75.5,
2019,1,14,16,성수동,75.6,
2019,1,14,17,성수동,75.0,
2019,1,14,18,성수동,75.2,
2019,1,14,19,성수동,74.6,
2019,1,14,20,성수동,75.0,
2019,1,14,21,성수동,74.3,
2019,1,14,22,성수동,74.0,
2019,1,14,23,성수동,73.1,
2019,1,14,24,성수동,72.3,
2019,1,15,1,성수동,71.8,
2019,1,15,2,성수동,70.1,
2019,1,15,3,성수동,69.0,
2019,1,15,4,성수동,68.7,
2019,1,15,5,성수동,69.1,
2019,1,15,6,성수동,71.4,
2019,1,15,7,성수동,73.2,
2019,1,15,8,성수동,74.8,
2019,1,15,9,성수동,75.8,
2019,1,15,10,성수동,74.8,
2019,1,15,11,성수동,74.6,
2019,1,15,12,성수동,75.6,
2019,1,15,13,성수동,78.7,
2019,1,15,14,성수동,76.3,
2019,1,15,15,성수동,75.8,
2019,1,15,16,성수동,75.5,
2019,1,15,17,성수동,75.6,
2019,1,15,18,성수동,75.7,
2019,1,15,19,성수동,73.9,
2019,1,15,20,성수동,75.6,
2019,1,15,21,성수동,75.2,
2019,1,15,22,성수동,74.8,
2019,1,15,23,성수동,74.1,
2019,1,15,24,성수동,73.4,
2019,1,16,1,성수동,72.2,
2019,1,16,2,성수동,70.9,
2019,1,16,3,성수동,69.9,
2019,1,16,4,성수동,69.2,
2019,1,16,5,성수동,69.6,
2019,1,16,6,성수동,71.3,
2019,1,16,7,성수동,73.2,
2019,1,16,8,성수동,75.5,
2019,1,16,9,성수동,75.7,
2019,1,16,10,성수동,75.7,
2019,1,16,11,성수동,75.4,
2019,1,16,12,성수동,75.3,
2019,1,16,13,성수동,75.3,
2019,1,16,14,성수동,75.3,
2019,1,16,15,성수동,75.3,
2019,1,16,16,성수동,76.5,
2019,1,16,17,성수동,75.6,
2019,1,16,18,성수동,75.6,
2019,1,16,19,성수동,74.6,
2019,1,16,20,성수동,75.6,
2019,1,16,21,성수동,74.5,
2019,1,16,22,성수동,75.0,
2019,1,16,23,성수동,73.8,
2019,1,16,24,성수동,72.9,
2019,1,17,1,성수동,71.7,
2019,1,17,2,성수동,71.4,
2019,1,17,3,성수동,70.0,
2019,1,17,4,성수동,69.5,
2019,1,17,5,성수동,69.9,
2019,1,17,6,성수동,71.2,
2019,1,17,7,성수동,73.4,
2019,1,17,8,성수동,75.2,
2019,1,17,9,성수동,75.7,
2019,1,17,10,성수동,75.7,
2019,1,17,11,성수동,74.8,
2019,1,17,12,성수동,75.5,
2019,1,17,13,성수동,74.7,
2019,1,17,14,성수동,75.1,
2019,1,17,15,성수동,75.2,
2019,1,17,16,성수동,75.3,
2019,1,17,17,성수동,74.9,
2019,1,17,18,성수동,75.0,
2019,1,17,19,성수동,74.9,
2019,1,17,20,성수동,74.9,
2019,1,17,21,성수동,74.0,
2019,1,17,22,성수동,74.0,
2019,1,17,23,성수동,74.1,
2019,1,17,24,성수동,72.5,
2019,1,18,1,성수동,71.7,
2019,1,18,2,성수동,70.6,
2019,1,18,3,성수동,69.9,
2019,1,18,4,성수동,69.3,
2019,1,18,5,성수동,69.8,
2019,1,18,6,성수동,71.8,
2019,1,18,7,성수동,72.5,
2019,1,18,8,성수동,74.8,
2019,1,18,9,성수동,75.9,
2019,1,18,10,성수동,75.8,
2019,1,18,11,성수동,75.5,
2019,1,18,12,성수동,74.8,
2019,1,18,13,성수동,74.9,
2019,1,18,14,성수동,74.8,
2019,1,18,15,성수동,75.0,
2019,1,18,16,성수동,75.3,
2019,1,18,17,성수동,75.5,
2019,1,18,18,성수동,76.2,
2019,1,18,19,성수동,73.6,
2019,1,18,20,성수동,74.0,
2019,1,18,21,성수동,74.6,
2019,1,18,22,성수동,74.4,
2019,1,18,23,성수동,74.0,
2019,1,18,24,성수동,72.7,
2019,1,19,1,성수동,72.6,
2019,1,19,2,성수동,71.4,
2019,1,19,3,성수동,70.7,
2019,1,19,4,성수동,70.6,
2019,1,19,5,성수동,70.6,
2019,1,19,6,성수동,71.1,
2019,1,19,7,성수동,71.9,
2019,1,19,8,성수동,73.1,
2019,1,19,9,성수동,75.2,
2019,1,19,10,성수동,75.4,
2019,1,19,11,성수동,75.4,
2019,1,19,12,성수동,76.3,
2019,1,19,13,성수동,75.0,
2019,1,19,14,성수동,75.4,
2019,1,19,15,성수동,74.8,
2019,1,19,16,성수동,76.1,
2019,1,19,17,성수동,75.3,
2019,1,19,18,성수동,75.5,
2019,1,19,19,성수동,75.2,
2019,1,19,20,성수동,74.4,
2019,1,19,21,성수동,73.8,
2019,1,19,22,성수동,73.4,
2019,1,19,23,성수동,72.8,
2019,1,19,24,성수동,72.7,
2019,1,20,1,성수동,72.7,
2019,1,20,2,성수동,71.0,
2019,1,20,3,성수동,70.5,
2019,1,20,4,성수동,69.6,
2019,1,20,5,성수동,69.5,
2019,1,20,6,성수동,68.6,
2019,1,20,7,성수동,69.9,
2019,1,20,8,성수동,70.7,
2019,1,20,9,성수동,72.7,
2019,1,20,10,성수동,74.0,
2019,1,20,11,성수동,74.0,
2019,1,20,12,성수동,74.0,
2019,1,20,13,성수동,74.4,
2019,1,20,14,성수동,74.2,
2019,1,20,15,성수동,74.2,
2019,1,20,16,성수동,73.9,
2019,1,20,17,성수동,73.9,
2019,1,20,18,성수동,73.7,
2019,1,20,19,성수동,73.9,
2019,1,20,20,성수동,73.9,
2019,1,20,21,성수동,73.1,
2019,1,20,22,성수동,72.8,
2019,1,20,23,성수동,72.5,
2019,1,20,24,성수동,71.8,
2019,1,21,1,성수동,70.4,
2019,1,21,2,성수동,68.7,
2019,1,21,3,성수동,67.7,
2019,1,21,4,성수동,68.0,
2019,1,21,5,성수동,68.4,
2019,1,21,6,성수동,71.2,
2019,1,21,7,성수동,73.4,
2019,1,21,8,성수동,75.0,
2019,1,21,9,성수동,75.1,
2019,1,21,10,성수동,75.4,
2019,1,21,11,성수동,75.2,
2019,1,21,12,성수동,75.7,
2019,1,21,13,성수동,75.4,
2019,1,21,14,성수동,75.5,
2019,1,21,15,성수동,75.3,
2019,1,21,16,성수동,76.0,
2019,1,21,17,성수동,75.7,
2019,1,21,18,성수동,75.3,
2019,1,21,19,성수동,74.2,
2019,1,21,20,성수동,75.6,
2019,1,21,21,성수동,74.4,
2019,1,21,22,성수동,74.3,
2019,1,21,23,성수동,74.2,
2019,1,21,24,성수동,73.0,
2019,1,22,1,성수동,72.2,
2019,1,22,2,성수동,70.8,
2019,1,22,3,성수동,70.2,
2019,1,22,4,성수동,68.1,
2019,1,22,5,성수동,69.6,
2019,1,22,6,성수동,71.3,
2019,1,22,7,성수동,73.1,
2019,1,22,8,성수동,75.0,
2019,1,22,9,성수동,75.4,
2019,1,22,10,성수동,75.8,
2019,1,22,11,성수동,75.3,
2019,1,22,12,성수동,75.9,
2019,1,22,13,성수동,76.1,
2019,1,22,14,성수동,75.6,
2019,1,22,15,성수동,75.4,
2019,1,22,16,성수동,75.6,
2019,1,22,17,성수동,75.8,
2019,1,22,18,성수동,75.3,
2019,1,22,19,성수동,74.7,
2019,1,22,20,성수동,76.0,
2019,1,22,21,성수동,75.1,
2019,1,22,22,성수동,74.3,
2019,1,22,23,성수동,73.8,
2019,1,22,24,성수동,72.7,
2019,1,23,1,성수동,72.2,
2019,1,23,2,성수동,71.4,
2019,1,23,3,성수동,69.8,
2019,1,23,4,성수동,68.5,
2019,1,23,5,성수동,70.3,
2019,1,23,6,성수동,70.8,
2019,1,23,7,성수동,73.1,
2019,1,23,8,성수동,74.8,
2019,1,23,9,성수동,75.4,
2019,1,23,10,성수동,75.1,
2019,1,23,11,성수동,75.3,
2019,1,23,12,성수동,75.4,
2019,1,23,13,성수동,76.8,
2019,1,23,14,성수동,75.5,
2019,1,23,15,성수동,74.7,
2019,1,23,16,성수동,74.9,
2019,1,23,17,성수동,74.8,
2019,1,23,18,성수동,74.6,
2019,1,23,19,성수동,73.2,
2019,1,23,20,성수동,75.4,
2019,1,23,21,성수동,74.2,
2019,1,23,22,성수동,74.5,
2019,1,23,23,성수동,72.9,
2019,1,23,24,성수동,72.8,
2019,1,24,1,성수동,71.7,
2019,1,24,2,성수동,70.4,
2019,1,24,3,성수동,69.5,
2019,1,24,4,성수동,70.0,
2019,1,24,5,성수동,70.0,
2019,1,24,6,성수동,70.6,
2019,1,24,7,성수동,73.3,
2019,1,24,8,성수동,75.0,
2019,1,24,9,성수동,74.9,
2019,1,24,10,성수동,74.9,
2019,1,24,11,성수동,74.4,
2019,1,24,12,성수동,75.4,
2019,1,24,13,성수동,74.9,
2019,1,24,14,성수동,75.8,
2019,1,24,15,성수동,74.7,
2019,1,24,16,성수동,74.3,
2019,1,24,17,성수동,75.3,
2019,1,24,18,성수동,74.8,
2019,1,24,19,성수동,72.9,
2019,1,24,20,성수동,75.4,
2019,1,24,21,성수동,74.1,
2019,1,24,22,성수동,74.0,
2019,1,24,23,성수동,74.2,
2019,1,24,24,성수동,73.0,
2019,1,25,1,성수동,72.0,
2019,1,25,2,성수동,70.8,
2019,1,25,3,성수동,70.6,
2019,1,25,4,성수동,68.7,
2019,1,25,5,성수동,69.6,
2019,1,25,6,성수동,70.9,
2019,1,25,7,성수동,72.7,
2019,1,25,8,성수동,74.3,
2019,1,25,9,성수동,75.0,
2019,1,25,10,성수동,75.2,
2019,1,25,11,성수동,74.7,
2019,1,25,12,성수동,75.0,
2019,1,25,13,성수동,75.3,
2019,1,25,14,성수동,75.9,
2019,1,25,15,성수동,75.4,
2019,1,25,16,성수동,75.1,
2019,1,25,17,성수동,75.2,
2019,1,25,18,성수동,74.6,
2019,1,25,19,성수동,72.9,
2019,1,25,20,성수동,74.9,
2019,1,25,21,성수동,74.9,
2019,1,25,22,성수동,75.3,
2019,1,25,23,성수동,74.1,
2019,1,25,24,성수동,74.1,
2019,1,26,1,성수동,72.6,
2019,1,26,2,성수동,71.3,
2019,1,26,3,성수동,71.3,
2019,1,26,4,성수동,70.3,
2019,1,26,5,성수동,69.6,
2019,1,26,6,성수동,70.8,
2019,1,26,7,성수동,72.1,
2019,1,26,8,성수동,73.5,
2019,1,26,9,성수동,75.2,
2019,1,26,10,성수동,75.4,
2019,1,26,11,성수동,75.6,
2019,1,26,12,성수동,75.2,
2019,1,26,13,성수동,75.4,
2019,1,26,14,성수동,77.0,
2019,1,26,15,성수동,75.8,
2019,1,26,16,성수동,75.3,
2019,1,26,17,성수동,75.5,
2019,1,26,18,성수동,75.6,
2019,1,26,19,성수동,74.9,
2019,1,26,20,성수동,75.0,
2019,1,26,21,성수동,73.8,
2019,1,26,22,성수동,73.7,
2019,1,26,23,성수동,73.2,
2019,1,26,24,성수동,72.8,
2019,1,27,1,성수동,71.4,
2019,1,27,2,성수동,70.9,
2019,1,27,3,성수동,70.3,
2019,1,27,4,성수동,69.2,
2019,1,27,5,성수동,69.5,
2019,1,27,6,성수동,69.0,
2019,1,27,7,성수동,70.1,
2019,1,27,8,성수동,71.3,
2019,1,27,9,성수동,73.0,
2019,1,27,10,성수동,73.2,
2019,1,27,11,성수동,74.3,
2019,1,27,12,성수동,74.1,
2019,1,27,13,성수동,74.6,
2019,1,27,14,성수동,74.6,
2019,1,27,15,성수동,75.1,
2019,1,27,16,성수동,76.9,
2019,1,27,17,성수동,74.4,
2019,1,27,18,성수동,74.5,
2019,1,27,19,성수동,73.6,
2019,1,27,20,성수동,73.2,
2019,1,27,21,성수동,73.2,
2019,1,27,22,성수동,72.7,
2019,1,27,23,성수동,72.3,
2019,1,27,24,성수동,72.7,
2019,1,28,1,성수동,70.4,
2019,1,28,2,성수동,69.7,
2019,1,28,3,성수동,69.5,
2019,1,28,4,성수동,68.4,
2019,1,28,5,성수동,69.6,
2019,1,28,6,성수동,71.7,
2019,1,28,7,성수동,73.6,
2019,1,28,8,성수동,75.4,
2019,1,28,9,성수동,75.8,
2019,1,28,10,성수동,75.0,
2019,1,28,11,성수동,75.1,
2019,1,28,12,성수동,75.3,
2019,1,28,13,성수동,75.0,
2019,1,28,14,성수동,75.1,
2019,1,28,15,성수동,75.1,
2019,1,28,16,성수동,75.2,
2019,1,28,17,성수동,75.1,
2019,1,28,18,성수동,75.0,
2019,1,28,19,성수동,72.9,
2019,1,28,20,성수동,75.5,
2019,1,28,21,성수동,74.4,
2019,1,28,22,성수동,73.9,
2019,1,28,23,성수동,73.5,
2019,1,28,24,성수동,72.6,
2019,1,29,1,성수동,71.4,
2019,1,29,2,성수동,70.2,
2019,1,29,3,성수동,69.8,
2019,1,29,4,성수동,68.6,
2019,1,29,5,성수동,69.3,
2019,1,29,6,성수동,71.0,
2019,1,29,7,성수동,73.2,
2019,1,29,8,성수동,75.4,
2019,1,29,9,성수동,75.7,
2019,1,29,10,성수동,75.7,
2019,1,29,11,성수동,75.4,
2019,1,29,12,성수동,75.3,
2019,1,29,13,성수동,74.8,
2019,1,29,14,성수동,75.2,
2019,1,29,15,성수동,75.3,
2019,1,29,16,성수동,75.7,
2019,1,29,17,성수동,75.1,
2019,1,29,18,성수동,74.8,
2019,1,29,19,성수동,72.8,
2019,1,29,20,성수동,73.9,
2019,1,29,21,성수동,75.3,
2019,1,29,22,성수동,74.4,
2019,1,29,23,성수동,73.7,
2019,1,29,24,성수동,73.3,
2019,1,30,1,성수동,71.8,
2019,1,30,2,성수동,70.9,
2019,1,30,3,성수동,69.7,
2019,1,30,4,성수동,69.0,
2019,1,30,5,성수동,70.0,
2019,1,30,6,성수동,71.2,
2019,1,30,7,성수동,73.3,
2019,1,30,8,성수동,74.8,
2019,1,30,9,성수동,75.2,
2019,1,30,10,성수동,75.2,
2019,1,30,11,성수동,74.8,
2019,1,30,12,성수동,75.1,
2019,1,30,13,성수동,74.9,
2019,1,30,14,성수동,75.1,
2019,1,30,15,성수동,75.6,
2019,1,30,16,성수동,76.0,
2019,1,30,17,성수동,75.3,
2019,1,30,18,성수동,74.6,
2019,1,30,19,성수동,73.7,
2019,1,30,20,성수동,76.1,
2019,1,30,21,성수동,74.6,
2019,1,30,22,성수동,74.3,
2019,1,30,23,성수동,74.3,
2019,1,30,24,성수동,72.8,
2019,1,31,1,성수동,72.2,
2019,1,31,2,성수동,70.9,
2019,1,31,3,성수동,69.9,
2019,1,31,4,성수동,69.1,
2019,1,31,5,성수동,69.9,
2019,1,31,6,성수동,70.9,
2019,1,31,7,성수동,72.7,
2019,1,31,8,성수동,74.8,
2019,1,31,9,성수동,74.7,
2019,1,31,10,성수동,74.9,
2019,1,31,11,성수동,75.1,
2019,1,31,12,성수동,75.8,
2019,1,31,13,성수동,75.4,
2019,1,31,14,성수동,77.3,
2019,1,31,15,성수동,75.5,
2019,1,31,16,성수동,75.8,
2019,1,31,17,성수동,75.1,
2019,1,31,18,성수동,75.2,
2019,1,31,19,성수동,72.6,
2019,1,31,20,성수동,73.2,
2019,1,31,21,성수동,74.6,
2019,1,31,22,성수동,74.5,
2019,1,31,23,성수동,74.0,
2019,1,31,24,성수동,73.1,
2019,2,1,1,성수동,72.6,
2019,2,1,2,성수동,72.2,
2019,2,1,3,성수동,70.2,
2019,2,1,4,성수동,70.8,
2019,2,1,5,성수동,69.6,
2019,2,1,6,성수동,71.1,
2019,2,1,7,성수동,72.9,
2019,2,1,8,성수동,75.2,
2019,2,1,9,성수동,75.6,
2019,2,1,10,성수동,75.0,
2019,2,1,11,성수동,75.1,
2019,2,1,12,성수동,75.6,
2019,2,1,13,성수동,75.6,
2019,2,1,14,성수동,76.0,
2019,2,1,15,성수동,76.5,
2019,2,1,16,성수동,75.5,
2019,2,1,17,성수동,79.6,
2019,2,1,18,성수동,74.0,
2019,2,1,19,성수동,72.7,
2019,2,1,20,성수동,75.0,
2019,2,1,21,성수동,75.7,
2019,2,1,22,성수동,73.9,
2019,2,1,23,성수동,73.5,
2019,2,1,24,성수동,73.5,
2019,2,2,1,성수동,73.0,
2019,2,2,2,성수동,72.2,
2019,2,2,3,성수동,71.6,
2019,2,2,4,성수동,70.6,
2019,2,2,5,성수동,69.9,
2019,2,2,6,성수동,71.2,
2019,2,2,7,성수동,71.6,
2019,2,2,8,성수동,72.3,
2019,2,2,9,성수동,74.3,
2019,2,2,10,성수동,74.9,
2019,2,2,11,성수동,76.3,
2019,2,2,12,성수동,75.9,
2019,2,2,13,성수동,75.0,
2019,2,2,14,성수동,75.5,
2019,2,2,15,성수동,76.2,
2019,2,2,16,성수동,75.0,
2019,2,2,17,성수동,75.2,
2019,2,2,18,성수동,74.9,
2019,2,2,19,성수동,74.2,
2019,2,2,20,성수동,73.8,
2019,2,2,21,성수동,73.9,
2019,2,2,22,성수동,73.1,
2019,2,2,23,성수동,72.8,
2019,2,2,24,성수동,71.7,
2019,2,3,1,성수동,71.7,
2019,2,3,2,성수동,70.6,
2019,2,3,3,성수동,71.6,
2019,2,3,4,성수동,72.0,
2019,2,3,5,성수동,72.3,
2019,2,3,6,성수동,73.4,
2019,2,3,7,성수동,73.9,
2019,2,3,8,성수동,74.7,
2019,2,3,9,성수동,75.1,
2019,2,3,10,성수동,76.6,
2019,2,3,11,성수동,77.5,
2019,2,3,12,성수동,76.5,
2019,2,3,13,성수동,77.1,
2019,2,3,14,성수동,77.6,
2019,2,3,15,성수동,77.3,
2019,2,3,16,성수동,77.5,
2019,2,3,17,성수동,76.7,
2019,2,3,18,성수동,75.5,
2019,2,3,19,성수동,76.1,
2019,2,3,20,성수동,75.3,
2019,2,3,21,성수동,74.7,
2019,2,3,22,성수동,74.2,
2019,2,3,23,성수동,73.7,
2019,2,3,24,성수동,72.6,
2019,2,4,1,성수동,72.1,
2019,2,4,2,성수동,70.8,
2019,2,4,3,성수동,70.0,
2019,2,4,4,성수동,68.7,
2019,2,4,5,성수동,69.0,
2019,2,4,6,성수동,69.9,
2019,2,4,7,성수동,69.7,
2019,2,4,8,성수동,70.9,
2019,2,4,9,성수동,72.2,
2019,2,4,10,성수동,73.9,
2019,2,4,11,성수동,74.3,
2019,2,4,12,성수동,74.6,
2019,2,4,13,성수동,73.6,
2019,2,4,14,성수동,74.4,
2019,2,4,15,성수동,73.9,
2019,2,4,16,성수동,74.0,
2019,2,4,17,성수동,73.2,
2019,2,4,18,성수동,73.5,
2019,2,4,19,성수동,73.6,
2019,2,4,20,성수동,73.1,
2019,2,4,21,성수동,72.4,
2019,2,4,22,성수동,72.6,
2019,2,4,23,성수동,72.6,
2019,2,4,24,성수동,71.3,
2019,2,5,1,성수동,70.9,
2019,2,5,2,성수동,68.7,
2019,2,5,3,성수동,67.5,
2019,2,5,4,성수동,67.0,
2019,2,5,5,성수동,66.8,
2019,2,5,6,성수동,69.1,
2019,2,5,7,성수동,69.9,
2019,2,5,8,성수동,72.5,
2019,2,5,9,성수동,73.4,
2019,2,5,10,성수동,72.6,
2019,2,5,11,성수동,73.3,
2019,2,5,12,성수동,74.8,
2019,2,5,13,성수동,75.3,
2019,2,5,14,성수동,74.7,
2019,2,5,15,성수동,74.4,
2019,2,5,16,성수동,75.8,
2019,2,5,17,성수동,73.7,
2019,2,5,18,성수동,73.5,
2019,2,5,19,성수동,73.3,
2019,2,5,20,성수동,73.2,
2019,2,5,21,성수동,72.8,
2019,2,5,22,성수동,72.1,
2019,2,5,23,성수동,74.8,
2019,2,5,24,성수동,71.3,
2019,2,6,1,성수동,71.0,
2019,2,6,2,성수동,71.7,
2019,2,6,3,성수동,68.9,
2019,2,6,4,성수동,68.3,
2019,2,6,5,성수동,68.1,
2019,2,6,6,성수동,68.3,
2019,2,6,7,성수동,69.1,
2019,2,6,8,성수동,69.5,
2019,2,6,9,성수동,70.7,
2019,2,6,10,성수동,74.1,
2019,2,6,11,성수동,74.1,
2019,2,6,12,성수동,74.0,
2019,2,6,13,성수동,74.2,
2019,2,6,14,성수동,74.0,
2019,2,6,15,성수동,74.3,
2019,2,6,16,성수동,74.9,
2019,2,6,17,성수동,75.0,
2019,2,6,18,성수동,73.8,
2019,2,6,19,성수동,73.9,
2019,2,6,20,성수동,73.2,
2019,2,6,21,성수동,73.8,
2019,2,6,22,성수동,73.1,
2019,2,6,23,성수동,72.1,
2019,2,6,24,성수동,71.4,
2019,2,7,1,성수동,71.1,
2019,2,7,2,성수동,69.6,
2019,2,7,3,성수동,73.6,
2019,2,7,4,성수동,67.6,
2019,2,7,5,성수동,69.7,
2019,2,7,6,성수동,71.7,
2019,2,7,7,성수동,74.5,
2019,2,7,8,성수동,76.0,
2019,2,7,9,성수동,76.7,
2019,2,7,10,성수동,75.9,
2019,2,7,11,성수동,75.6,
2019,2,7,12,성수동,75.6,
2019,2,7,13,성수동,75.2,
2019,2,7,14,성수동,75.2,
2019,2,7,15,성수동,75.6,
2019,2,7,16,성수동,75.6,
2019,2,7,17,성수동,75.3,
2019,2,7,18,성수동,75.7,
2019,2,7,19,성수동,74.8,
2019,2,7,20,성수동,75.6,
2019,2,7,21,성수동,74.8,
2019,2,7,22,성수동,74.5,
2019,2,7,23,성수동,74.5,
2019,2,7,24,성수동,73.1,
2019,2,8,1,성수동,72.2,
2019,2,8,2,성수동,71.5,
2019,2,8,3,성수동,70.9,
2019,2,8,4,성수동,69.3,
2019,2,8,5,성수동,69.6,
2019,2,8,6,성수동,71.3,
2019,2,8,7,성수동,73.9,
2019,2,8,8,성수동,75.7,
2019,2,8,9,성수동,76.9,
2019,2,8,10,성수동,76.4,
2019,2,8,11,성수동,75.6,
2019,2,8,12,성수동,76.1,
2019,2,8,13,성수동,75.0,
2019,2,8,14,성수동,75.7,
2019,2,8,15,성수동,75.4,
2019,2,8,16,성수동,75.5,
2019,2,8,17,성수동,75.3,
2019,2,8,18,성수동,75.7,
2019,2,8,19,성수동,73.2,
2019,2,8,20,성수동,74.4,
2019,2,8,21,성수동,74.7,
2019,2,8,22,성수동,74.3,
2019,2,8,23,성수동,74.1,
2019,2,8,24,성수동,72.9,
2019,2,9,1,성수동,72.2,
2019,2,9,2,성수동,71.8,
2019,2,9,3,성수동,71.2,
2019,2,9,4,성수동,70.4,
2019,2,9,5,성수동,70.2,
2019,2,9,6,성수동,71.2,
2019,2,9,7,성수동,72.5,
2019,2,9,8,성수동,73.8,
2019,2,9,9,성수동,75.1,
2019,2,9,10,성수동,75.3,
2019,2,9,11,성수동,75.2,
2019,2,9,12,성수동,75.8,
2019,2,9,13,성수동,75.4,
2019,2,9,14,성수동,75.5,
2019,2,9,15,성수동,75.5,
2019,2,9,16,성수동,75.8,
2019,2,9,17,성수동,75.9,
2019,2,9,18,성수동,75.4,
2019,2,9,19,성수동,75.1,
2019,2,9,20,성수동,74.1,
2019,2,9,21,성수동,74.3,
2019,2,9,22,성수동,74.1,
2019,2,9,23,성수동,73.8,
2019,2,9,24,성수동,72.9,
2019,2,10,1,성수동,72.9,
2019,2,10,2,성수동,71.8,
2019,2,10,3,성수동,70.4,
2019,2,10,4,성수동,68.9,
2019,2,10,5,성수동,69.4,
2019,2,10,6,성수동,69.8,
2019,2,10,7,성수동,70.5,
2019,2,10,8,성수동,71.7,
2019,2,10,9,성수동,73.0,
2019,2,10,10,성수동,73.4,
2019,2,10,11,성수동,74.3,
2019,2,10,12,성수동,74.4,
2019,2,10,13,성수동,74.1,
2019,2,10,14,성수동,74.4,
2019,2,10,15,성수동,74.1,
2019,2,10,16,성수동,74.1,
2019,2,10,17,성수동,74.3,
2019,2,10,18,성수동,74.2,
2019,2,10,19,성수동,73.5,
2019,2,10,20,성수동,72.9,
2019,2,10,21,성수동,73.0,
2019,2,10,22,성수동,72.9,
2019,2,10,23,성수동,72.9,
2019,2,10,24,성수동,71.8,
2019,2,11,1,성수동,70.3,
2019,2,11,2,성수동,69.2,
2019,2,11,3,성수동,68.9,
2019,2,11,4,성수동,67.6,
2019,2,11,5,성수동,69.0,
2019,2,11,6,성수동,71.0,
2019,2,11,7,성수동,73.7,
2019,2,11,8,성수동,75.7,
2019,2,11,9,성수동,77.3,
2019,2,11,10,성수동,75.2,
2019,2,11,11,성수동,75.4,
2019,2,11,12,성수동,75.4,
2019,2,11,13,성수동,75.6,
2019,2,11,14,성수동,76.4,
2019,2,11,15,성수동,75.4,
2019,2,11,16,성수동,75.7,
2019,2,11,17,성수동,75.4,
2019,2,11,18,성수동,75.3,
2019,2,11,19,성수동,75.3,
2019,2,11,20,성수동,74.9,
2019,2,11,21,성수동,74.8,
2019,2,11,22,성수동,74.4,
2019,2,11,23,성수동,73.9,
2019,2,11,24,성수동,72.3,
2019,2,12,1,성수동,71.5,
2019,2,12,2,성수동,70.6,
2019,2,12,3,성수동,69.3,
2019,2,12,4,성수동,68.3,
2019,2,12,5,성수동,71.2,
2019,2,12,6,성수동,71.4,
2019,2,12,7,성수동,73.5,
2019,2,12,8,성수동,75.7,
2019,2,12,9,성수동,76.0,
2019,2,12,10,성수동,75.7,
2019,2,12,11,성수동,75.8,
2019,2,12,12,성수동,75.6,
2019,2,12,13,성수동,74.9,
2019,2,12,14,성수동,75.8,
2019,2,12,15,성수동,75.3,
2019,2,12,16,성수동,75.7,
2019,2,12,17,성수동,75.3,
2019,2,12,18,성수동,75.2,
2019,2,12,19,성수동,74.6,
2019,2,12,20,성수동,74.7,
2019,2,12,21,성수동,74.5,
2019,2,12,22,성수동,74.9,
2019,2,12,23,성수동,73.4,
2019,2,12,24,성수동,73.4,
2019,2,13,1,성수동,72.7,
2019,2,13,2,성수동,70.4,
2019,2,13,3,성수동,69.5,
2019,2,13,4,성수동,69.0,
2019,2,13,5,성수동,69.3,
2019,2,13,6,성수동,71.0,
2019,2,13,7,성수동,73.3,
2019,2,13,8,성수동,75.3,
2019,2,13,9,성수동,76.1,
2019,2,13,10,성수동,75.1,
2019,2,13,11,성수동,75.0,
2019,2,13,12,성수동,75.5,
2019,2,13,13,성수동,75.3,
2019,2,13,14,성수동,75.7,
2019,2,13,15,성수동,75.4,
2019,2,13,16,성수동,74.8,
2019,2,13,17,성수동,75.2,
2019,2,13,18,성수동,75.3,
2019,2,13,19,성수동,74.6,
2019,2,13,20,성수동,75.2,
2019,2,13,21,성수동,74.5,
2019,2,13,22,성수동,75.4,
2019,2,13,23,성수동,74.4,
2019,2,13,24,성수동,73.4,
2019,2,14,1,성수동,71.7,
2019,2,14,2,성수동,70.6,
2019,2,14,3,성수동,70.5,
2019,2,14,4,성수동,69.0,
2019,2,14,5,성수동,69.5,
2019,2,14,6,성수동,70.7,
2019,2,14,7,성수동,73.4,
2019,2,14,8,성수동,75.4,
2019,2,14,9,성수동,76.3,
2019,2,14,10,성수동,75.7,
2019,2,14,11,성수동,74.8,
2019,2,14,12,성수동,75.0,
2019,2,14,13,성수동,75.3,
2019,2,14,14,성수동,75.3,
2019,2,14,15,성수동,75.9,
2019,2,14,16,성수동,74.9,
2019,2,14,17,성수동,78.3,
2019,2,14,18,성수동,75.2,
2019,2,14,19,성수동,73.5,
2019,2,14,20,성수동,74.4,
2019,2,14,21,성수동,74.2,
2019,2,14,22,성수동,74.0,
2019,2,14,23,성수동,73.8,
2019,2,14,24,성수동,72.8,
2019,2,15,1,성수동,74.3,
2019,2,15,2,성수동,70.9,
2019,2,15,3,성수동,70.0,
2019,2,15,4,성수동,68.8,
2019,2,15,5,성수동,71.4,
2019,2,15,6,성수동,71.5,
2019,2,15,7,성수동,72.9,
2019,2,15,8,성수동,73.8,
2019,2,15,9,성수동,75.0,
2019,2,15,10,성수동,77.2,
2019,2,15,11,성수동,76.5,
2019,2,15,12,성수동,76.4,
2019,2,15,13,성수동,75.9,
2019,2,15,14,성수동,75.9,
2019,2,15,15,성수동,76.1,
2019,2,15,16,성수동,76.2,
2019,2,15,17,성수동,76.5,
2019,2,15,18,성수동,77.2,
2019,2,15,19,성수동,75.7,
2019,2,15,20,성수동,77.1,
2019,2,15,21,성수동,76.2,
2019,2,15,22,성수동,75.5,
2019,2,15,23,성수동,75.1,
2019,2,15,24,성수동,74.2,
2019,2,16,1,성수동,73.8,
2019,2,16,2,성수동,72.3,
2019,2,16,3,성수동,71.5,
2019,2,16,4,성수동,70.5,
2019,2,16,5,성수동,70.6,
2019,2,16,6,성수동,71.9,
2019,2,16,7,성수동,72.4,
2019,2,16,8,성수동,74.2,
2019,2,16,9,성수동,76.1,
2019,2,16,10,성수동,76.0,
2019,2,16,11,성수동,76.1,
2019,2,16,12,성수동,76.1,
2019,2,16,13,성수동,76.0,
2019,2,16,14,성수동,75.7,
2019,2,16,15,성수동,76.5,
2019,2,16,16,성수동,76.1,
2019,2,16,17,성수동,76.6,
2019,2,16,18,성수동,76.2,
2019,2,16,19,성수동,76.3,
2019,2,16,20,성수동,75.1,
2019,2,16,21,성수동,74.7,
2019,2,16,22,성수동,74.6,
2019,2,16,23,성수동,76.1,
2019,2,16,24,성수동,73.7,
2019,2,17,1,성수동,72.1,
2019,2,17,2,성수동,72.0,
2019,2,17,3,성수동,71.4,
2019,2,17,4,성수동,69.6,
2019,2,17,5,성수동,69.6,
2019,2,17,6,성수동,70.1,
2019,2,17,7,성수동,69.8,
2019,2,17,8,성수동,72.3,
2019,2,17,9,성수동,74.1,
2019,2,17,10,성수동,73.5,
2019,2,17,11,성수동,74.5,
2019,2,17,12,성수동,75.2,
2019,2,17,13,성수동,74.3,
2019,2,17,14,성수동,74.1,
2019,2,17,15,성수동,74.6,
2019,2,17,16,성수동,74.7,
2019,2,17,17,성수동,74.4,
2019,2,17,18,성수동,74.8,
2019,2,17,19,성수동,74.1,
2019,2,17,20,성수동,73.3,
2019,2,17,21,성수동,73.3,
2019,2,17,22,성수동,72.9,
2019,2,17,23,성수동,73.0,
2019,2,17,24,성수동,72.0,
2019,2,18,1,성수동,71.1,
2019,2,18,2,성수동,69.1,
2019,2,18,3,성수동,67.6,
2019,2,18,4,성수동,68.6,
2019,2,18,5,성수동,68.7,
2019,2,18,6,성수동,71.8,
2019,2,18,7,성수동,73.6,
2019,2,18,8,성수동,75.9,
2019,2,18,9,성수동,75.2,
2019,2,18,10,성수동,82.4,
2019,2,18,11,성수동,83.8,
2019,2,18,12,성수동,75.0,
2019,2,18,13,성수동,74.6,
2019,2,18,14,성수동,73.5,
2019,2,18,15,성수동,73.4,
2019,2,18,16,성수동,75.4,
2019,2,18,17,성수동,74.9,
2019,2,18,18,성수동,75.1,
2019,2,18,19,성수동,73.6,
2019,2,18,20,성수동,75.1,
2019,2,18,21,성수동,74.1,
2019,2,18,22,성수동,73.9,
2019,2,18,23,성수동,74.1,
2019,2,18,24,성수동,72.3,
2019,2,19,1,성수동,71.3,
2019,2,19,2,성수동,74.0,
2019,2,19,3,성수동,70.4,
2019,2,19,4,성수동,69.2,
2019,2,19,5,성수동,70.5,
2019,2,19,6,성수동,72.9,
2019,2,19,7,성수동,74.6,
2019,2,19,8,성수동,76.1,
2019,2,19,9,성수동,77.5,
2019,2,19,10,성수동,78.8,
2019,2,19,11,성수동,79.0,
2019,2,19,12,성수동,78.7,
2019,2,19,13,성수동,77.7,
2019,2,19,14,성수동,77.2,
2019,2,19,15,성수동,77.1,
2019,2,19,16,성수동,77.0,
2019,2,19,17,성수동,76.5,
2019,2,19,18,성수동,76.3,
2019,2,19,19,성수동,76.6,
2019,2,19,20,성수동,75.8,
2019,2,19,21,성수동,75.0,
2019,2,19,22,성수동,75.6,
2019,2,19,23,성수동,74.8,
2019,2,19,24,성수동,73.8,
2019,2,20,1,성수동,73.3,
2019,2,20,2,성수동,73.0,
2019,2,20,3,성수동,70.6,
2019,2,20,4,성수동,70.1,
2019,2,20,5,성수동,70.6,
2019,2,20,6,성수동,71.9,
2019,2,20,7,성수동,74.0,
2019,2,20,8,성수동,75.6,
2019,2,20,9,성수동,76.5,
2019,2,20,10,성수동,75.8,
2019,2,20,11,성수동,75.7,
2019,2,20,12,성수동,75.8,
2019,2,20,13,성수동,75.9,
2019,2,20,14,성수동,76.2,
2019,2,20,15,성수동,76.6,
2019,2,20,16,성수동,75.9,
2019,2,20,17,성수동,76.0,
2019,2,20,18,성수동,76.1,
2019,2,20,19,성수동,74.4,
2019,2,20,20,성수동,75.6,
2019,2,20,21,성수동,74.6,
2019,2,20,22,성수동,74.7,
2019,2,20,23,성수동,74.3,
2019,2,20,24,성수동,73.2,
2019,2,21,1,성수동,72.7,
2019,2,21,2,성수동,71.2,
2019,2,21,3,성수동,70.6,
2019,2,21,4,성수동,69.1,
2019,2,21,5,성수동,69.8,
2019,2,21,6,성수동,71.4,
2019,2,21,7,성수동,73.4,
2019,2,21,8,성수동,75.7,
2019,2,21,9,성수동,76.2,
2019,2,21,10,성수동,75.8,
2019,2,21,11,성수동,75.8,
2019,2,21,12,성수동,75.7,
2019,2,21,13,성수동,75.8,
2019,2,21,14,성수동,75.2,
2019,2,21,15,성수동,75.9,
2019,2,21,16,성수동,75.8,
2019,2,21,17,성수동,75.8,
2019,2,21,18,성수동,75.8,
2019,2,21,19,성수동,75.3,
2019,2,21,20,성수동,75.6,
2019,2,21,21,성수동,75.2,
2019,2,21,22,성수동,74.3,
2019,2,21,23,성수동,74.0,
2019,2,21,24,성수동,73.2,
2019,2,22,1,성수동,71.9,
2019,2,22,2,성수동,71.4,
2019,2,22,3,성수동,70.1,
2019,2,22,4,성수동,69.9,
2019,2,22,5,성수동,70.1,
2019,2,22,6,성수동,71.8,
2019,2,22,7,성수동,73.7,
2019,2,22,8,성수동,75.2,
2019,2,22,9,성수동,76.7,
2019,2,22,10,성수동,75.5,
2019,2,22,11,성수동,75.2,
2019,2,22,12,성수동,76.1,
2019,2,22,13,성수동,76.3,
2019,2,22,14,성수동,75.8,
2019,2,22,15,성수동,75.5,
2019,2,22,16,성수동,75.5,
2019,2,22,17,성수동,75.2,
2019,2,22,18,성수동,73.2,
2019,2,22,19,성수동,72.2,
2019,2,22,20,성수동,73.6,
2019,2,22,21,성수동,74.8,
2019,2,22,22,성수동,75.0,
2019,2,22,23,성수동,74.2,
2019,2,22,24,성수동,73.3,
2019,2,23,1,성수동,73.3,
2019,2,23,2,성수동,71.5,
2019,2,23,3,성수동,71.5,
2019,2,23,4,성수동,71.7,
2019,2,23,5,성수동,72.0,
2019,2,23,6,성수동,71.4,
2019,2,23,7,성수동,72.5,
2019,2,23,8,성수동,73.8,
2019,2,23,9,성수동,75.5,
2019,2,23,10,성수동,75.6,
2019,2,23,11,성수동,75.4,
2019,2,23,12,성수동,76.7,
2019,2,23,13,성수동,75.2,
2019,2,23,14,성수동,75.7,
2019,2,23,15,성수동,75.9,
2019,2,23,16,성수동,75.1,
2019,2,23,17,성수동,75.9,
2019,2,23,18,성수동,75.6,
2019,2,23,19,성수동,75.2,
2019,2,23,20,성수동,74.7,
2019,2,23,21,성수동,74.2,
2019,2,23,22,성수동,73.7,
2019,2,23,23,성수동,73.8,
2019,2,23,24,성수동,72.6,
2019,2,24,1,성수동,72.3,
2019,2,24,2,성수동,70.5,
2019,2,24,3,성수동,70.8,
2019,2,24,4,성수동,69.7,
2019,2,24,5,성수동,68.9,
2019,2,24,6,성수동,70.0,
2019,2,24,7,성수동,70.2,
2019,2,24,8,성수동,71.6,
2019,2,24,9,성수동,73.6,
2019,2,24,10,성수동,74.4,
2019,2,24,11,성수동,78.2,
2019,2,24,12,성수동,78.5,
2019,2,24,13,성수동,74.3,
2019,2,24,14,성수동,74.7,
2019,2,24,15,성수동,74.2,
2019,2,24,16,성수동,74.8,
2019,2,24,17,성수동,74.1,
2019,2,24,18,성수동,75.3,
2019,2,24,19,성수동,74.2,
2019,2,24,20,성수동,74.4,
2019,2,24,21,성수동,73.4,
2019,2,24,22,성수동,72.9,
2019,2,24,23,성수동,72.4,
2019,2,24,24,성수동,71.9,
2019,2,25,1,성수동,70.8,
2019,2,25,2,성수동,69.1,
2019,2,25,3,성수동,68.3,
2019,2,25,4,성수동,67.6,
2019,2,25,5,성수동,69.2,
2019,2,25,6,성수동,71.0,
2019,2,25,7,성수동,73.4,
2019,2,25,8,성수동,75.3,
2019,2,25,9,성수동,76.2,
2019,2,25,10,성수동,75.3,
2019,2,25,11,성수동,75.4,
2019,2,25,12,성수동,75.8,
2019,2,25,13,성수동,75.0,
2019,2,25,14,성수동,74.9,
2019,2,25,15,성수동,75.2,
2019,2,25,16,성수동,75.4,
2019,2,25,17,성수동,75.0,
2019,2,25,18,성수동,75.2,
2019,2,25,19,성수동,73.4,
2019,2,25,20,성수동,74.6,
2019,2,25,21,성수동,73.8,
2019,2,25,22,성수동,73.5,
2019,2,25,23,성수동,73.3,
2019,2,25,24,성수동,72.7,
2019,2,26,1,성수동,71.4,
2019,2,26,2,성수동,70.4,
2019,2,26,3,성수동,69.6,
2019,2,26,4,성수동,68.6,
2019,2,26,5,성수동,69.1,
2019,2,26,6,성수동,71.3,
2019,2,26,7,성수동,73.5,
2019,2,26,8,성수동,75.2,
2019,2,26,9,성수동,75.7,
2019,2,26,10,성수동,75.2,
2019,2,26,11,성수동,75.7,
2019,2,26,12,성수동,75.5,
2019,2,26,13,성수동,76.2,
2019,2,26,14,성수동,74.7,
2019,2,26,15,성수동,75.3,
2019,2,26,16,성수동,74.8,
2019,2,26,17,성수동,75.5,
2019,2,26,18,성수동,74.5,
2019,2,26,19,성수동,73.8,
2019,2,26,20,성수동,74.3,
2019,2,26,21,성수동,74.6,
2019,2,26,22,성수동,73.8,
2019,2,26,23,성수동,73.9,
2019,2,26,24,성수동,73.1,
2019,2,27,1,성수동,72.6,
2019,2,27,2,성수동,71.3,
2019,2,27,3,성수동,69.1,
2019,2,27,4,성수동,69.3,
2019,2,27,5,성수동,69.3,
2019,2,27,6,성수동,70.8,
2019,2,27,7,성수동,73.1,
2019,2,27,8,성수동,74.8,
2019,2,27,9,성수동,75.1,
2019,2,27,10,성수동,75.3,
2019,2,27,11,성수동,75.0,
2019,2,27,12,성수동,75.2,
2019,2,27,13,성수동,74.9,
2019,2,27,14,성수동,75.4,
2019,2,27,15,성수동,75.9,
2019,2,27,16,성수동,75.8,
2019,2,27,17,성수동,74.8,
2019,2,27,18,성수동,74.7,
2019,2,27,19,성수동,72.8,
2019,2,27,20,성수동,74.2,
2019,2,27,21,성수동,74.1,
2019,2,27,22,성수동,74.1,
2019,2,27,23,성수동,74.9,
2019,2,27,24,성수동,73.1,
2019,2,28,1,성수동,71.9,
2019,2,28,2,성수동,70.4,
2019,2,28,3,성수동,69.0,
2019,2,28,4,성수동,68.6,
2019,2,28,5,성수동,69.1,
2019,2,28,6,성수동,70.5,
2019,2,28,7,성수동,73.0,
2019,2,28,8,성수동,74.8,
2019,2,28,9,성수동,75.5,
2019,2,28,10,성수동,75.1,
2019,2,28,11,성수동,75.1,
2019,2,28,12,성수동,76.7,
2019,2,28,13,성수동,74.9,
2019,2,28,14,성수동,74.9,
2019,2,28,15,성수동,76.1,
2019,2,28,16,성수동,75.2,
2019,2,28,17,성수동,75.1,
2019,2,28,18,성수동,75.0,
2019,2,28,19,성수동,72.8,
2019,2,28,20,성수동,73.9,
2019,2,28,21,성수동,74.4,
2019,2,28,22,성수동,74.5,
2019,2,28,23,성수동,73.9,
2019,2,28,24,성수동,73.3,
2019,3,1,1,성수동,72.7,
2019,3,1,2,성수동,71.6,
2019,3,1,3,성수동,71.2,
2019,3,1,4,성수동,70.2,
2019,3,1,5,성수동,70.2,
2019,3,1,6,성수동,70.8,
2019,3,1,7,성수동,72.0,
2019,3,1,8,성수동,73.4,
2019,3,1,9,성수동,75.5,
2019,3,1,10,성수동,76.2,
2019,3,1,11,성수동,75.1,
2019,3,1,12,성수동,76.2,
2019,3,1,13,성수동,75.7,
2019,3,1,14,성수동,74.7,
2019,3,1,15,성수동,74.3,
2019,3,1,16,성수동,74.5,
2019,3,1,17,성수동,75.9,
2019,3,1,18,성수동,74.6,
2019,3,1,19,성수동,74.6,
2019,3,1,20,성수동,73.9,
2019,3,1,21,성수동,73.9,
2019,3,1,22,성수동,73.4,
2019,3,1,23,성수동,73.6,
2019,3,1,24,성수동,71.9,
2019,3,2,1,성수동,71.5,
2019,3,2,2,성수동,71.2,
2019,3,2,3,성수동,69.7,
2019,3,2,4,성수동,69.1,
2019,3,2,5,성수동,69.1,
2019,3,2,6,성수동,70.3,
2019,3,2,7,성수동,72.4,
2019,3,2,8,성수동,73.1,
2019,3,2,9,성수동,74.6,
2019,3,2,10,성수동,75.1,
2019,3,2,11,성수동,75.5,
2019,3,2,12,성수동,74.2,
2019,3,2,13,성수동,74.6,
2019,3,2,14,성수동,75.0,
2019,3,2,15,성수동,75.5,
2019,3,2,16,성수동,75.7,
2019,3,2,17,성수동,74.9,
2019,3,2,18,성수동,74.5,
2019,3,2,19,성수동,74.1,
2019,3,2,20,성수동,73.0,
2019,3,2,21,성수동,73.1,
2019,3,2,22,성수동,74.1,
2019,3,2,23,성수동,72.7,
2019,3,2,24,성수동,71.9,
2019,3,3,1,성수동,72.3,
2019,3,3,2,성수동,70.6,
2019,3,3,3,성수동,70.8,
2019,3,3,4,성수동,68.6,
2019,3,3,5,성수동,68.2,
2019,3,3,6,성수동,68.4,
2019,3,3,7,성수동,70.2,
2019,3,3,8,성수동,71.3,
2019,3,3,9,성수동,72.4,
2019,3,3,10,성수동,76.3,
2019,3,3,11,성수동,74.6,
2019,3,3,12,성수동,74.0,
2019,3,3,13,성수동,74.1,
2019,3,3,14,성수동,73.6,
2019,3,3,15,성수동,74.4,
2019,3,3,16,성수동,73.3,
2019,3,3,17,성수동,75.0,
2019,3,3,18,성수동,74.7,
2019,3,3,19,성수동,73.8,
2019,3,3,20,성수동,72.8,
2019,3,3,21,성수동,73.3,
2019,3,3,22,성수동,71.7,
2019,3,3,23,성수동,72.2,
2019,3,3,24,성수동,70.6,
2019,3,4,1,성수동,70.5,
2019,3,4,2,성수동,68.2,
2019,3,4,3,성수동,67.1,
2019,3,4,4,성수동,66.8,
2019,3,4,5,성수동,67.4,
2019,3,4,6,성수동,70.4,
2019,3,4,7,성수동,73.0,
2019,3,4,8,성수동,75.4,
2019,3,4,9,성수동,74.8,
2019,3,4,10,성수동,75.4,
2019,3,4,11,성수동,75.6,
2019,3,4,12,성수동,74.7,
2019,3,4,13,성수동,74.4,
2019,3,4,14,성수동,74.4,
2019,3,4,15,성수동,74.6,
2019,3,4,16,성수동,74.6,
2019,3,4,17,성수동,74.9,
2019,3,4,18,성수동,74.6,
2019,3,4,19,성수동,73.5,
2019,3,4,20,성수동,74.7,
2019,3,4,21,성수동,77.4,
2019,3,4,22,성수동,73.7,
2019,3,4,23,성수동,73.3,
2019,3,4,24,성수동,73.7,
2019,3,5,1,성수동,72.1,
2019,3,5,2,성수동,70.6,
2019,3,5,3,성수동,69.9,
2019,3,5,4,성수동,69.6,
2019,3,5,5,성수동,69.6,
2019,3,5,6,성수동,70.8,
2019,3,5,7,성수동,73.2,
2019,3,5,8,성수동,75.4,
2019,3,5,9,성수동,75.2,
2019,3,5,10,성수동,75.1,
2019,3,5,11,성수동,74.7,
2019,3,5,12,성수동,74.5,
2019,3,5,13,성수동,75.0,
2019,3,5,14,성수동,75.5,
2019,3,5,15,성수동,75.1,
2019,3,5,16,성수동,75.1,
2019,3,5,17,성수동,75.7,
2019,3,5,18,성수동,76.1,
2019,3,5,19,성수동,74.3,
2019,3,5,20,성수동,74.9,
2019,3,5,21,성수동,74.6,
2019,3,5,22,성수동,74.3,
2019,3,5,23,성수동,74.0,
2019,3,5,24,성수동,72.9,
2019,3,6,1,성수동,71.5,
2019,3,6,2,성수동,70.3,
2019,3,6,3,성수동,69.0,
2019,3,6,4,성수동,69.4,
2019,3,6,5,성수동,69.1,
2019,3,6,6,성수동,70.8,
2019,3,6,7,성수동,72.9,
2019,3,6,8,성수동,75.1,
2019,3,6,9,성수동,75.7,
2019,3,6,10,성수동,75.6,
2019,3,6,11,성수동,74.5,
2019,3,6,12,성수동,75.3,
2019,3,6,13,성수동,74.9,
2019,3,6,14,성수동,74.9,
2019,3,6,15,성수동,75.8,
2019,3,6,16,성수동,-,통신장애
2019,3,6,17,성수동,73.4,
2019,3,6,18,성수동,74.5,
2019,3,6,19,성수동,74.0,
2019,3,6,20,성수동,75.3,
2019,3,6,21,성수동,74.7,
2019,3,6,22,성수동,74.3,
2019,3,6,23,성수동,74.4,
2019,3,6,24,성수동,72.8,
2019,3,7,1,성수동,71.7,
2019,3,7,2,성수동,70.9,
2019,3,7,3,성수동,70.1,
2019,3,7,4,성수동,68.6,
2019,3,7,5,성수동,69.8,
2019,3,7,6,성수동,71.5,
2019,3,7,7,성수동,73.2,
2019,3,7,8,성수동,75.0,
2019,3,7,9,성수동,75.5,
2019,3,7,10,성수동,75.1,
2019,3,7,11,성수동,75.0,
2019,3,7,12,성수동,75.0,
2019,3,7,13,성수동,75.2,
2019,3,7,14,성수동,75.0,
2019,3,7,15,성수동,75.9,
2019,3,7,16,성수동,75.1,
2019,3,7,17,성수동,76.4,
2019,3,7,18,성수동,75.3,
2019,3,7,19,성수동,75.0,
2019,3,7,20,성수동,74.7,
2019,3,7,21,성수동,74.6,
2019,3,7,22,성수동,74.5,
2019,3,7,23,성수동,74.6,
2019,3,7,24,성수동,72.8,
2019,3,8,1,성수동,74.0,
2019,3,8,2,성수동,70.8,
2019,3,8,3,성수동,69.7,
2019,3,8,4,성수동,69.2,
2019,3,8,5,성수동,69.5,
2019,3,8,6,성수동,70.7,
2019,3,8,7,성수동,73.2,
2019,3,8,8,성수동,75.1,
2019,3,8,9,성수동,76.8,
2019,3,8,10,성수동,75.4,
2019,3,8,11,성수동,74.7,
2019,3,8,12,성수동,75.2,
2019,3,8,13,성수동,75.0,
2019,3,8,14,성수동,74.9,
2019,3,8,15,성수동,75.0,
2019,3,8,16,성수동,75.3,
2019,3,8,17,성수동,75.4,
2019,3,8,18,성수동,74.9,
2019,3,8,19,성수동,74.1,
2019,3,8,20,성수동,74.2,
2019,3,8,21,성수동,74.5,
2019,3,8,22,성수동,73.9,
2019,3,8,23,성수동,73.6,
2019,3,8,24,성수동,76.6,
2019,3,9,1,성수동,72.7,
2019,3,9,2,성수동,71.4,
2019,3,9,3,성수동,71.2,
2019,3,9,4,성수동,70.2,
2019,3,9,5,성수동,71.7,
2019,3,9,6,성수동,70.7,
2019,3,9,7,성수동,72.2,
2019,3,9,8,성수동,73.5,
2019,3,9,9,성수동,75.5,
2019,3,9,10,성수동,75.6,
2019,3,9,11,성수동,76.1,
2019,3,9,12,성수동,75.2,
2019,3,9,13,성수동,75.5,
2019,3,9,14,성수동,75.2,
2019,3,9,15,성수동,75.5,
2019,3,9,16,성수동,74.8,
2019,3,9,17,성수동,74.4,
2019,3,9,18,성수동,75.1,
2019,3,9,19,성수동,74.7,
2019,3,9,20,성수동,74.0,
2019,3,9,21,성수동,73.5,
2019,3,9,22,성수동,73.8,
2019,3,9,23,성수동,73.9,
2019,3,9,24,성수동,72.5,
2019,3,10,1,성수동,71.8,
2019,3,10,2,성수동,71.0,
2019,3,10,3,성수동,70.2,
2019,3,10,4,성수동,68.4,
2019,3,10,5,성수동,68.6,
2019,3,10,6,성수동,68.9,
2019,3,10,7,성수동,70.3,
2019,3,10,8,성수동,71.4,
2019,3,10,9,성수동,72.3,
2019,3,10,10,성수동,74.4,
2019,3,10,11,성수동,74.1,
2019,3,10,12,성수동,73.5,
2019,3,10,13,성수동,76.2,
2019,3,10,14,성수동,73.6,
2019,3,10,15,성수동,74.9,
2019,3,10,16,성수동,73.9,
2019,3,10,17,성수동,75.6,
2019,3,10,18,성수동,73.4,
2019,3,10,19,성수동,73.9,
2019,3,10,20,성수동,73.2,
2019,3,10,21,성수동,74.1,
2019,3,10,22,성수동,74.4,
2019,3,10,23,성수동,72.1,
2019,3,10,24,성수동,71.0,
2019,3,11,1,성수동,70.6,
2019,3,11,2,성수동,71.0,
2019,3,11,3,성수동,66.9,
2019,3,11,4,성수동,67.2,
2019,3,11,5,성수동,68.5,
2019,3,11,6,성수동,70.8,
2019,3,11,7,성수동,73.3,
2019,3,11,8,성수동,75.4,
2019,3,11,9,성수동,75.3,
2019,3,11,10,성수동,77.5,
2019,3,11,11,성수동,77.1,
2019,3,11,12,성수동,74.8,
2019,3,11,13,성수동,75.2,
2019,3,11,14,성수동,75.0,
2019,3,11,15,성수동,75.4,
2019,3,11,16,성수동,75.6,
2019,3,11,17,성수동,75.2,
2019,3,11,18,성수동,75.2,
2019,3,11,19,성수동,74.5,
2019,3,11,20,성수동,74.9,
2019,3,11,21,성수동,74.2,
2019,3,11,22,성수동,73.9,
2019,3,11,23,성수동,74.0,
2019,3,11,24,성수동,73.0,
2019,3,12,1,성수동,72.3,
2019,3,12,2,성수동,69.7,
2019,3,12,3,성수동,69.7,
2019,3,12,4,성수동,69.0,
2019,3,12,5,성수동,69.3,
2019,3,12,6,성수동,70.6,
2019,3,12,7,성수동,73.4,
2019,3,12,8,성수동,75.2,
2019,3,12,9,성수동,75.7,
2019,3,12,10,성수동,75.4,
2019,3,12,11,성수동,75.1,
2019,3,12,12,성수동,75.4,
2019,3,12,13,성수동,75.7,
2019,3,12,14,성수동,75.4,
2019,3,12,15,성수동,75.7,
2019,3,12,16,성수동,75.1,
2019,3,12,17,성수동,74.9,
2019,3,12,18,성수동,75.4,
2019,3,12,19,성수동,74.7,
2019,3,12,20,성수동,75.3,
2019,3,12,21,성수동,74.4,
2019,3,12,22,성수동,73.8,
2019,3,12,23,성수동,73.8,
2019,3,12,24,성수동,72.6,
2019,3,13,1,성수동,72.1,
2019,3,13,2,성수동,71.7,
2019,3,13,3,성수동,69.4,
2019,3,13,4,성수동,68.5,
2019,3,13,5,성수동,69.3,
2019,3,13,6,성수동,70.6,
2019,3,13,7,성수동,73.8,
2019,3,13,8,성수동,75.1,
2019,3,13,9,성수동,75.3,
2019,3,13,10,성수동,75.1,
2019,3,13,11,성수동,75.4,
2019,3,13,12,성수동,74.6,
2019,3,13,13,성수동,75.3,
2019,3,13,14,성수동,74.5,
2019,3,13,15,성수동,75.2,
2019,3,13,16,성수동,75.0,
2019,3,13,17,성수동,75.2,
2019,3,13,18,성수동,74.9,
2019,3,13,19,성수동,74.2,
2019,3,13,20,성수동,75.5,
2019,3,13,21,성수동,74.7,
2019,3,13,22,성수동,75.0,
2019,3,13,23,성수동,74.3,
2019,3,13,24,성수동,72.7,
2019,3,14,1,성수동,72.0,
2019,3,14,2,성수동,70.8,
2019,3,14,3,성수동,69.2,
2019,3,14,4,성수동,68.4,
2019,3,14,5,성수동,70.0,
2019,3,14,6,성수동,71.3,
2019,3,14,7,성수동,73.8,
2019,3,14,8,성수동,75.7,
2019,3,14,9,성수동,75.4,
2019,3,14,10,성수동,74.7,
2019,3,14,11,성수동,75.4,
2019,3,14,12,성수동,75.0,
2019,3,14,13,성수동,74.9,
2019,3,14,14,성수동,74.5,
2019,3,14,15,성수동,75.0,
2019,3,14,16,성수동,75.8,
2019,3,14,17,성수동,74.9,
2019,3,14,18,성수동,75.4,
2019,3,14,19,성수동,73.7,
2019,3,14,20,성수동,74.3,
2019,3,14,21,성수동,74.7,
2019,3,14,22,성수동,74.2,
2019,3,14,23,성수동,74.1,
2019,3,14,24,성수동,72.9,
2019,3,15,1,성수동,72.3,
2019,3,15,2,성수동,71.2,
2019,3,15,3,성수동,69.6,
2019,3,15,4,성수동,69.6,
2019,3,15,5,성수동,70.1,
2019,3,15,6,성수동,71.1,
2019,3,15,7,성수동,73.6,
2019,3,15,8,성수동,75.3,
2019,3,15,9,성수동,75.8,
2019,3,15,10,성수동,75.0,
2019,3,15,11,성수동,75.0,
2019,3,15,12,성수동,75.7,
2019,3,15,13,성수동,74.6,
2019,3,15,14,성수동,74.7,
2019,3,15,15,성수동,75.6,
2019,3,15,16,성수동,76.0,
2019,3,15,17,성수동,75.4,
2019,3,15,18,성수동,77.3,
2019,3,15,19,성수동,74.5,
2019,3,15,20,성수동,75.0,
2019,3,15,21,성수동,77.0,
2019,3,15,22,성수동,76.7,
2019,3,15,23,성수동,76.0,
2019,3,15,24,성수동,74.8,
2019,3,16,1,성수동,74.6,
2019,3,16,2,성수동,73.2,
2019,3,16,3,성수동,73.4,
2019,3,16,4,성수동,71.5,
2019,3,16,5,성수동,71.7,
2019,3,16,6,성수동,72.3,
2019,3,16,7,성수동,73.9,
2019,3,16,8,성수동,74.7,
2019,3,16,9,성수동,75.8,
2019,3,16,10,성수동,77.1,
2019,3,16,11,성수동,77.7,
2019,3,16,12,성수동,76.9,
2019,3,16,13,성수동,76.2,
2019,3,16,14,성수동,76.2,
2019,3,16,15,성수동,75.6,
2019,3,16,16,성수동,76.0,
2019,3,16,17,성수동,76.7,
2019,3,16,18,성수동,76.7,
2019,3,16,19,성수동,75.6,
2019,3,16,20,성수동,75.4,
2019,3,16,21,성수동,75.7,
2019,3,16,22,성수동,74.6,
2019,3,16,23,성수동,75.4,
2019,3,16,24,성수동,74.7,
2019,3,17,1,성수동,72.9,
2019,3,17,2,성수동,72.0,
2019,3,17,3,성수동,71.0,
2019,3,17,4,성수동,69.5,
2019,3,17,5,성수동,71.6,
2019,3,17,6,성수동,70.2,
2019,3,17,7,성수동,71.5,
2019,3,17,8,성수동,72.7,
2019,3,17,9,성수동,73.0,
2019,3,17,10,성수동,73.0,
2019,3,17,11,성수동,69.8,
2019,3,17,12,성수동,71.3,
2019,3,17,13,성수동,73.3,
2019,3,17,14,성수동,74.5,
2019,3,17,15,성수동,75.2,
2019,3,17,16,성수동,75.6,
2019,3,17,17,성수동,74.8,
2019,3,17,18,성수동,74.9,
2019,3,17,19,성수동,74.0,
2019,3,17,20,성수동,73.9,
2019,3,17,21,성수동,74.3,
2019,3,17,22,성수동,73.2,
2019,3,17,23,성수동,74.0,
2019,3,17,24,성수동,72.8,
2019,3,18,1,성수동,71.5,
2019,3,18,2,성수동,69.2,
2019,3,18,3,성수동,69.2,
2019,3,18,4,성수동,70.6,
2019,3,18,5,성수동,69.2,
2019,3,18,6,성수동,70.5,
2019,3,18,7,성수동,74.2,
2019,3,18,8,성수동,75.9,
2019,3,18,9,성수동,76.4,
2019,3,18,10,성수동,74.9,
2019,3,18,11,성수동,75.2,
2019,3,18,12,성수동,75.2,
2019,3,18,13,성수동,74.5,
2019,3,18,14,성수동,75.1,
2019,3,18,15,성수동,74.7,
2019,3,18,16,성수동,75.2,
2019,3,18,17,성수동,75.2,
2019,3,18,18,성수동,75.3,
2019,3,18,19,성수동,77.0,
2019,3,18,20,성수동,74.9,
2019,3,18,21,성수동,74.4,
2019,3,18,22,성수동,74.3,
2019,3,18,23,성수동,73.9,
2019,3,18,24,성수동,72.2,
2019,3,19,1,성수동,71.6,
2019,3,19,2,성수동,71.2,
2019,3,19,3,성수동,69.9,
2019,3,19,4,성수동,70.1,
2019,3,19,5,성수동,70.2,
2019,3,19,6,성수동,71.2,
2019,3,19,7,성수동,74.1,
2019,3,19,8,성수동,74.9,
2019,3,19,9,성수동,75.7,
2019,3,19,10,성수동,75.4,
2019,3,19,11,성수동,75.0,
2019,3,19,12,성수동,75.4,
2019,3,19,13,성수동,75.1,
2019,3,19,14,성수동,75.0,
2019,3,19,15,성수동,75.4,
2019,3,19,16,성수동,75.2,
2019,3,19,17,성수동,74.9,
2019,3,19,18,성수동,75.5,
2019,3,19,19,성수동,74.5,
2019,3,19,20,성수동,75.0,
2019,3,19,21,성수동,74.7,
2019,3,19,22,성수동,74.1,
2019,3,19,23,성수동,73.7,
2019,3,19,24,성수동,72.9,
2019,3,20,1,성수동,72.0,
2019,3,20,2,성수동,70.8,
2019,3,20,3,성수동,73.6,
2019,3,20,4,성수동,72.2,
2019,3,20,5,성수동,69.7,
2019,3,20,6,성수동,71.0,
2019,3,20,7,성수동,73.4,
2019,3,20,8,성수동,75.3,
2019,3,20,9,성수동,75.3,
2019,3,20,10,성수동,74.9,
2019,3,20,11,성수동,74.8,
2019,3,20,12,성수동,75.4,
2019,3,20,13,성수동,74.3,
2019,3,20,14,성수동,75.0,
2019,3,20,15,성수동,75.0,
2019,3,20,16,성수동,77.2,
2019,3,20,17,성수동,78.2,
2019,3,20,18,성수동,78.0,
2019,3,20,19,성수동,76.5,
2019,3,20,20,성수동,78.1,
2019,3,20,21,성수동,79.0,
2019,3,20,22,성수동,79.0,
2019,3,20,23,성수동,77.7,
2019,3,20,24,성수동,75.7,
2019,3,21,1,성수동,73.8,
2019,3,21,2,성수동,73.0,
2019,3,21,3,성수동,72.8,
2019,3,21,4,성수동,71.5,
2019,3,21,5,성수동,72.5,
2019,3,21,6,성수동,74.2,
2019,3,21,7,성수동,75.4,
2019,3,21,8,성수동,76.9,
2019,3,21,9,성수동,77.0,
2019,3,21,10,성수동,76.3,
2019,3,21,11,성수동,75.6,
2019,3,21,12,성수동,76.3,
2019,3,21,13,성수동,76.2,
2019,3,21,14,성수동,75.9,
2019,3,21,15,성수동,76.3,
2019,3,21,16,성수동,76.4,
2019,3,21,17,성수동,77.0,
2019,3,21,18,성수동,76.5,
2019,3,21,19,성수동,76.3,
2019,3,21,20,성수동,75.9,
2019,3,21,21,성수동,75.7,
2019,3,21,22,성수동,75.1,
2019,3,21,23,성수동,75.1,
2019,3,21,24,성수동,74.6,
2019,3,22,1,성수동,73.0,
2019,3,22,2,성수동,72.3,
2019,3,22,3,성수동,71.7,
2019,3,22,4,성수동,70.3,
2019,3,22,5,성수동,70.9,
2019,3,22,6,성수동,72.0,
2019,3,22,7,성수동,74.1,
2019,3,22,8,성수동,76.0,
2019,3,22,9,성수동,76.4,
2019,3,22,10,성수동,75.9,
2019,3,22,11,성수동,75.6,
2019,3,22,12,성수동,75.6,
2019,3,22,13,성수동,75.1,
2019,3,22,14,성수동,75.1,
2019,3,22,15,성수동,75.2,
2019,3,22,16,성수동,75.6,
2019,3,22,17,성수동,75.3,
2019,3,22,18,성수동,74.9,
2019,3,22,19,성수동,73.7,
2019,3,22,20,성수동,74.7,
2019,3,22,21,성수동,74.7,
2019,3,22,22,성수동,74.7,
2019,3,22,23,성수동,74.9,
2019,3,22,24,성수동,74.0,
2019,3,23,1,성수동,73.7,
2019,3,23,2,성수동,73.3,
2019,3,23,3,성수동,72.1,
2019,3,23,4,성수동,71.3,
2019,3,23,5,성수동,70.6,
2019,3,23,6,성수동,71.3,
2019,3,23,7,성수동,73.1,
2019,3,23,8,성수동,74.0,
2019,3,23,9,성수동,75.1,
2019,3,23,10,성수동,77.2,
2019,3,23,11,성수동,75.4,
2019,3,23,12,성수동,75.3,
2019,3,23,13,성수동,77.7,
2019,3,23,14,성수동,78.3,
2019,3,23,15,성수동,77.9,
2019,3,23,16,성수동,76.6,
2019,3,23,17,성수동,76.0,
2019,3,23,18,성수동,76.3,
2019,3,23,19,성수동,76.2,
2019,3,23,20,성수동,76.6,
2019,3,23,21,성수동,74.5,
2019,3,23,22,성수동,74.2,
2019,3,23,23,성수동,74.0,
2019,3,23,24,성수동,73.5,
2019,3,24,1,성수동,72.9,
2019,3,24,2,성수동,71.6,
2019,3,24,3,성수동,70.7,
2019,3,24,4,성수동,69.6,
2019,3,24,5,성수동,70.0,
2019,3,24,6,성수동,69.5,
2019,3,24,7,성수동,71.2,
2019,3,24,8,성수동,72.6,
2019,3,24,9,성수동,74.5,
2019,3,24,10,성수동,75.4,
2019,3,24,11,성수동,76.4,
2019,3,24,12,성수동,76.7,
2019,3,24,13,성수동,74.8,
2019,3,24,14,성수동,75.1,
2019,3,24,15,성수동,75.4,
2019,3,24,16,성수동,75.3,
2019,3,24,17,성수동,75.0,
2019,3,24,18,성수동,74.4,
2019,3,24,19,성수동,75.4,
2019,3,24,20,성수동,75.3,
2019,3,24,21,성수동,74.8,
2019,3,24,22,성수동,74.2,
2019,3,24,23,성수동,72.5,
2019,3,24,24,성수동,72.1,
2019,3,25,1,성수동,71.0,
2019,3,25,2,성수동,69.5,
2019,3,25,3,성수동,68.0,
2019,3,25,4,성수동,68.3,
2019,3,25,5,성수동,69.4,
2019,3,25,6,성수동,71.2,
2019,3,25,7,성수동,73.9,
2019,3,25,8,성수동,76.0,
2019,3,25,9,성수동,75.6,
2019,3,25,10,성수동,75.5,
2019,3,25,11,성수동,75.6,
2019,3,25,12,성수동,75.3,
2019,3,25,13,성수동,75.0,
2019,3,25,14,성수동,75.5,
2019,3,25,15,성수동,76.0,
2019,3,25,16,성수동,76.0,
2019,3,25,17,성수동,76.5,
2019,3,25,18,성수동,75.7,
2019,3,25,19,성수동,75.8,
2019,3,25,20,성수동,74.9,
2019,3,25,21,성수동,75.1,
2019,3,25,22,성수동,74.5,
2019,3,25,23,성수동,74.3,
2019,3,25,24,성수동,74.4,
2019,3,26,1,성수동,72.7,
2019,3,26,2,성수동,71.2,
2019,3,26,3,성수동,69.0,
2019,3,26,4,성수동,69.0,
2019,3,26,5,성수동,69.3,
2019,3,26,6,성수동,71.4,
2019,3,26,7,성수동,73.9,
2019,3,26,8,성수동,75.4,
2019,3,26,9,성수동,75.4,
2019,3,26,10,성수동,76.6,
2019,3,26,11,성수동,74.7,
2019,3,26,12,성수동,75.4,
2019,3,26,13,성수동,75.2,
2019,3,26,14,성수동,75.4,
2019,3,26,15,성수동,75.3,
2019,3,26,16,성수동,75.1,
2019,3,26,17,성수동,75.2,
2019,3,26,18,성수동,75.2,
2019,3,26,19,성수동,75.1,
2019,3,26,20,성수동,75.0,
2019,3,26,21,성수동,74.6,
2019,3,26,22,성수동,74.6,
2019,3,26,23,성수동,74.8,
2019,3,26,24,성수동,72.8,
2019,3,27,1,성수동,71.9,
2019,3,27,2,성수동,71.5,
2019,3,27,3,성수동,70.0,
2019,3,27,4,성수동,71.2,
2019,3,27,5,성수동,69.4,
2019,3,27,6,성수동,70.8,
2019,3,27,7,성수동,73.7,
2019,3,27,8,성수동,75.4,
2019,3,27,9,성수동,75.3,
2019,3,27,10,성수동,75.0,
2019,3,27,11,성수동,74.7,
2019,3,27,12,성수동,74.7,
2019,3,27,13,성수동,74.8,
2019,3,27,14,성수동,75.5,
2019,3,27,15,성수동,75.0,
2019,3,27,16,성수동,74.9,
2019,3,27,17,성수동,75.4,
2019,3,27,18,성수동,75.1,
2019,3,27,19,성수동,74.4,
2019,3,27,20,성수동,74.8,
2019,3,27,21,성수동,74.2,
2019,3,27,22,성수동,74.1,
2019,3,27,23,성수동,74.3,
2019,3,27,24,성수동,73.1,
2019,3,28,1,성수동,71.9,
2019,3,28,2,성수동,71.0,
2019,3,28,3,성수동,69.8,
2019,3,28,4,성수동,69.3,
2019,3,28,5,성수동,69.2,
2019,3,28,6,성수동,71.3,
2019,3,28,7,성수동,73.8,
2019,3,28,8,성수동,75.5,
2019,3,28,9,성수동,75.5,
2019,3,28,10,성수동,75.7,
2019,3,28,11,성수동,75.4,
2019,3,28,12,성수동,76.2,
2019,3,28,13,성수동,74.6,
2019,3,28,14,성수동,74.6,
2019,3,28,15,성수동,75.0,
2019,3,28,16,성수동,74.7,
2019,3,28,17,성수동,75.1,
2019,3,28,18,성수동,75.1,
2019,3,28,19,성수동,75.3,
2019,3,28,20,성수동,75.4,
2019,3,28,21,성수동,74.5,
2019,3,28,22,성수동,73.8,
2019,3,28,23,성수동,73.6,
2019,3,28,24,성수동,76.0,
2019,3,29,1,성수동,71.5,
2019,3,29,2,성수동,74.0,
2019,3,29,3,성수동,71.7,
2019,3,29,4,성수동,68.9,
2019,3,29,5,성수동,69.8,
2019,3,29,6,성수동,71.4,
2019,3,29,7,성수동,73.7,
2019,3,29,8,성수동,75.3,
2019,3,29,9,성수동,74.9,
2019,3,29,10,성수동,75.0,
2019,3,29,11,성수동,74.5,
2019,3,29,12,성수동,74.9,
2019,3,29,13,성수동,74.7,
2019,3,29,14,성수동,75.5,
2019,3,29,15,성수동,76.3,
2019,3,29,16,성수동,75.1,
2019,3,29,17,성수동,74.2,
2019,3,29,18,성수동,75.1,
2019,3,29,19,성수동,73.1,
2019,3,29,20,성수동,73.8,
2019,3,29,21,성수동,74.4,
2019,3,29,22,성수동,75.1,
2019,3,29,23,성수동,75.1,
2019,3,29,24,성수동,73.9,
2019,3,30,1,성수동,73.5,
2019,3,30,2,성수동,74.2,
2019,3,30,3,성수동,74.0,
2019,3,30,4,성수동,72.7,
2019,3,30,5,성수동,72.1,
2019,3,30,6,성수동,73.1,
2019,3,30,7,성수동,74.2,
2019,3,30,8,성수동,74.6,
2019,3,30,9,성수동,76.0,
2019,3,30,10,성수동,76.0,
2019,3,30,11,성수동,75.7,
2019,3,30,12,성수동,76.0,
2019,3,30,13,성수동,75.6,
2019,3,30,14,성수동,76.5,
2019,3,30,15,성수동,77.9,
2019,3,30,16,성수동,76.4,
2019,3,30,17,성수동,76.6,
2019,3,30,18,성수동,76.8,
2019,3,30,19,성수동,76.6,
2019,3,30,20,성수동,75.4,
2019,3,30,21,성수동,74.6,
2019,3,30,22,성수동,74.6,
2019,3,30,23,성수동,74.5,
2019,3,30,24,성수동,73.0,
2019,3,31,1,성수동,73.1,
2019,3,31,2,성수동,71.6,
2019,3,31,3,성수동,70.7,
2019,3,31,4,성수동,70.3,
2019,3,31,5,성수동,69.5,
2019,3,31,6,성수동,70.1,
2019,3,31,7,성수동,71.3,
2019,3,31,8,성수동,72.5,
2019,3,31,9,성수동,73.7,
2019,3,31,10,성수동,75.1,
2019,3,31,11,성수동,76.0,
2019,3,31,12,성수동,75.1,
2019,3,31,13,성수동,76.5,
2019,3,31,14,성수동,75.5,
2019,3,31,15,성수동,75.1,
2019,3,31,16,성수동,74.6,
2019,3,31,17,성수동,74.9,
2019,3,31,18,성수동,74.3,
2019,3,31,19,성수동,74.4,
2019,3,31,20,성수동,73.6,
2019,3,31,21,성수동,73.8,
2019,3,31,22,성수동,73.6,
2019,3,31,23,성수동,72.7,
2019,3,31,24,성수동,71.3,
